Artigo:,Autor:,Página,Edição:,Categoria:,Componentes:,Notas:,Data:
Amplificadores de Potência,,4,1,,,,
Áudio – Incremente o seu som com este econômico sistema de Surround,Jeferson de Oliveira,18,1,,,,
14 Vcc – Symmetrical Power Supply (PSX_14),Fábio Maurício Timi,18,1,,,,
Amplificador classe D – PWM de 30 W RMS / 8 ohms (50W/4 ohms),Fábio Maurício Timi,20,1,,,,
TCP/IP,,23,1,,,,
Teoria dos osciladores a cristal,Helmut Kemper,26,1,,,,
O que fazer... quando a TV pifa!,,32,1,,,,
Perguntas & Respostas,,34,1,,,,
"Antenas de TV – Introdução, Características, Instalação",,37,1,,,,
Controle Remoto,,38,1,,,,
Resistores – Código internacional de cores de resistores,Fábio Maurício Timi,39,1,,,,
Glossário,,40,1,,,,
