Artigo:,Autor:,Página:,Edição:,Categorias:,Componentes:,Notas:,Data:
Efeito audiovisual,,3,1,,,,1987
Rádio ligado por fósforo,,4,1,,,,1987
Conversor resistência/tensão,,4,1,,,,1987
Relé contra falta de fase (industrial),,5,1,,,,1987
Módulos de recepção OM,,5,1,,,,1987
Driver para motores CC,,6,1,,,,1987
Gerador de barras + microfone sem fio de FM,,7,1,,,,1987
Ativação de carga por ruído ambiente,,8,1,,,,1987
Identificador de polaridade de transistores,,10,1,,,,1987
Controle de carga externa com MSX,,10,1,,,,1987
Dois medidores de intensidade de campo,,11,1,,,,1987
Ohmímetro de leds,,12,1,,,,1987
Rádio AM/FM,,13,1,,,,1987
Codificador,,14,1,,,,1987
Minissemáforo,,15,1,,,,1987
Oscilador fotossensível,,15,1,,,,1987
Provador astável de diodos,,20,1,,,,1987
Comutador simples 110/220V,,20,1,,,,1987
VU-de-leds,,21,1,,,,1987
Detector de níveis lógicos,,22,1,,,,1987
"""Sara-tudo""",,22,1,,,,1987
Alarme temporizado,,23,1,,,,1987
Amplificador integrado de 2W,,23,1,,,,1987
Central transmissora,,24,1,,,,1987
Controle de temperatura,,24,1,,,,1987
Provador lógico diferente,,25,1,,,,1987
Controle de balanço para carros,,25,1,,,,1987
Tiro ao alvo,,26,1,,,,1987
Minifliperama,,28,1,,,,1987
Relé de sub e sobretensão da rede,,28,1,,,,1987
Miniamplificador ou caixa amplificada,,29,1,,,,1987
Seqüencial reversível de 5 canais,,30,1,,,,1987
Chocante,,30,1,,,,1987
Controle de velocidade para motores CA até 1.200 Watts,,31,1,,,,1987
Eficiente alarme contra ladrões,,32,1,,,,1987
Programa para polarização de transistores,,33,1,,,,1987
Teste simples de diodos,,33,1,,,,1987
Multiteste versátil,,34,1,,,,1987
Minigerador experimental,,34,1,,,,1987
Osciloscópio com leds,,35,1,,,,1987
Fotocontrole temporizado,,36,1,,,,1987
Seqüencial maluco,,37,1,,,,1987
Seqüencial rítmico para o carro,,37,1,,,,1987
Carregador de baterias - Fonte para toca-fitas e PX,,38,1,,,,1987
Senha programável,,40,1,,,,1987
Novo controle-remoto,,40,1,,,,1987
"""Testa-tudo""",,41,1,,,,1987
Injetor de sinais,,41,1,,,,1987
Superagudo passivo para guitarra ou contrabaixo,,42,1,,,,1987
Amplificador de uso geral,,43,1,,,,1987
Indicador de tensão,,43,1,,,,1987
Roger Beep para o PX Sharp,,44,1,,,,1987
Capacímetro por som,,44,1,,,,1987
Carregador automático de baterias,,46,1,,,,1987
Transmissor de FM,,47,1,,,,1987
Indicador de níveis lógicos,,47,1,,,,1987
Oscilador para telegrafia de múltiplo tom,,48,1,,,,1987
Programa para cálculo de capacitores em série ou resistores em paralelo,,49,1,,,,1987
Sinalizador de FM,,49,1,,,,1987
Miniórgão com vibrato,,50,1,,,,1987
Sintonia simples por varicap,,50,1,,,,1987
Pisca-pisca para bicicleta,,52,1,,,,1987
Freqüencímetro de 1 Hz a 300 kHz,,52,1,,,,1987
Duas antenas para a faixa do cidadão,,53,1,,,,1987
Controle de nível de caixa d'água,,53,1,,,,1987
Manipulador eletrônico,,56,1,,,,1987
Alarme temporizado para o carro,,57,1,,,,1987
Microfone a pilha,,57,1,,,,1987
Novo joystick para o Atari,,58,1,,,,1987
Campainha musical,,58,1,,,,1987
Vaca eletrônica,,59,1,,,,1987
Indicador de sintonia para FM,,60,1,,,,1987
Simples mas eficaz provador de zener,,60,1,,,,1987
Antena econômica para PX,,62,1,,,,1987
Microrrádio AM,,62,1,,,,1987
Gerador de sons complexos,,63,1,,,,1987
Temporizador seqüencial,,64,1,,,,1987
Transmissor órgão de FM,,64,1,,,,1987
Roleta eletrônica,,65,1,,,,1987
Vento eletrônico,,66,1,,,,1987
Fonte para o Data Corder,,66,1,,,,1987
Pré-amplificador universal,,67,1,,,,1987
Dimmer para 8 Ampères,,67,1,,,,1987
Alterando receptor de FM para VHF,,68,1,,,,1987
Acionador de rádio por lanterna,,70,1,,,,1987
Leds rítmicos,,70,1,,,,1987
Sirene dupla - americana + inglesa,,71,1,,,,1987
Alarme de aproximação,,71,1,,,,1987
Eletroscópio eletrônico,,72,1,,,,1987
Fonte sem transformador,,72,1,,,,1987
Adaptador de nível,,73,1,,,,1987
Jogo de palitinhos,,74,1,,,,1987
Monitor de irrigação de solo,,75,1,,,,1987
Minissirene,,75,1,,,,1987
Grid-Dip Meter,,76,1,,,,1987
Comutador automático 110/220V,,78,1,,,,1987
Sinalizador de portões,,78,1,,,,1987
Fonte escalonada + gerador de áudio,,79,1,,,,1987
Seqüencial diferente,,79,1,,,,1987
Sistema de segurança por telefone ou telerrecado,,80,1,,,,1987
Minitransmissor de ótima estabilidade,,82,1,,,,1987
Freqüencímetro digital,,82,1,,,,1987
Minicomputador para a garotada,,83,1,,,,1987
Verificador de diodos zener II,,84,1,,,,1987
Milivoltímetro de AC,,85,1,,,,1987
Intercomunicador bilateral,,86,1,,,,1987
Temporizador programável,,88,1,,,,1987
Chave digital programável,,89,1,,,,1987
Programador para música eletrônica,,90,1,,,,1987
Freqüencímetro digital,,91,1,,,,1987
Lâmpada prolongada com interruptor crepuscular,,94,1,,,,1987
Receptor elementar de ondas médias,,95,1,,,,1987
Transformador eletrônico de 1.500W,,95,1,,,,1987
Oscilador telegráfico II,,96,1,,,,1987
Simples injetor de sinais,,96,1,,,,1987
Tacômetro óptico,,96,1,,,,1987
Efeito rítmico seqüencial,,98,1,,,,1987
Pisca-pisca simples,,100,1,,,,1987
Amplificador de 20W,,100,1,,,,1987
Amplificador integrado,,101,1,,,,1987
Caixa de substituição de capacitores,,101,1,,,,1987
Lâmpada de ponto,,102,1,,,,1987
Acordeom eletrônico a pilha,,103,1,,,,1987
Codificador automático para telegrafia,,104,1,,,,1987
Multiplex sem complicação,,106,1,,,,1987
Limitador de ruído para gravador,,3,2,,,,1987
Grampeador telefônico,,3,2,,,,1987
Tiro ao alvo eletrônico,,4,2,,,,1987
Iluminação de emergência,,4,2,,,,1987
Interruptor crepuscular,,5,2,,,,1987
Analisador dinâmico,,5,2,,,,1987
Meça hFE com o multímetro,,6,2,,,,1987
Digitime - Temporizador digital programável de 5 minutos a 12 horas,,6,2,,,,1987
Programa para conversão de unidades,,8,2,,,,1987
Multiprovador automático,,8,2,,,,1987
Simulador de estéreo para TV,,9,2,,,,1987
Fonte sem transformador,,9,2,,,,1987
Órgão eletrônico de várias oitavas,,10,2,,,,1987
Injetor com alimentação da rede,,10,2,,,,1987
Alarme visual para telefone fora do gancho,,11,2,,,,1987
Interruptor de toque,,11,2,,,,1987
Servo luz rítmica,,12,2,,,,1987
Intercomunicador,,12,2,,,,1987
Osciloscópio com LEDs,,12,2,,,,1987
Testador de transistor no circuito,,14,2,,,,1987
Pistola laser,,14,2,,,,1987
Chave digital CMOs,,15,2,,,,1987
Sirene,,15,2,,,,1987
Antifurto para o carro,,16,2,,,,1987
Ponteira de teste CA/CC,,17,2,,,,1987
Pisca neon experimental,,17,2,,,,1987
Amperímetro econômico,,18,2,,,,1987
Foto reed-relé,,18,2,,,,1987
Temporizador de precisão,,19,2,,,,1987
Timer 555,,20,2,,,,1987
Carregador de pilhas de níquel/cádmio,,20,2,,,,1987
Assobiador seqüencial,,26,2,,,,1987
Timer decrescente,,26,2,,,,1987
Alerta sonoro para pisca-pisca,,28,2,,,,1987
Simulador de SCR,,28,2,,,,1987
Inversor para lâmpada fluorescente,,29,2,,,,1987
"Amplificador de 6,2W",,30,2,,,,1987
Efeitos sonoros,,30,2,,,,1987
Relógio digital,,31,2,,,,1987
Sirene francesa de alta potência,,32,2,,,,1987
Tiro ao alvo para o TRS80,,32,2,,,,1987
Resistores/capacitores no computador,,34,2,,,,1987
VU de LEDs diferente,,35,2,,,,1987
Central de som,,36,2,,,,1987
Robô pisca-pisca,,36,2,,,,1987
Indicador de sintonia,,37,2,,,,1987
Regulador/estabilizador de tensão,,37,2,,,,1987
Robô carimbador,,38,2,,,,1987
Multivibrador de 1 kHz,,38,2,,,,1987
Efeito audiovisual simplificado,,39,2,,,,1987
Dimmer,,39,2,,,,1987
Pré para guitarra e baixo,,40,2,,,,1987
Poupador de lâmpadas,,40,2,,,,1987
Luz estroboscópica para regulagem de automóveis,,42,2,,,,1987
Controle de inversão automática para motores,,43,2,,,,1987
Sintetizador de voz para Apple,,43,2,,,,1987
Mixer de áudio,,45,2,,,,1987
Alarme musical para o MM5402,,45,2,,,,1987
Lâmpada automática para garagem,,46,2,,,,1987
Indicador de final de câmbio,,47,2,,,,1987
Distorcedor para guitarra,,47,2,,,,1987
Trêmulo estéreo,,48,2,,,,1987
"Alarme residencial ""magnético""",,48,2,,,,1987
Sirene controlada por luz,,49,2,,,,1987
Transformador de estado sólido,,49,2,,,,1987
Fonte com indicador digital de tensão,,50,2,,,,1987
Transmissor de fonia e CW em FM,,51,2,,,,1987
Sistema de proteção contra incêndios,,51,2,,,,1987
Unidade de controle remoto,,52,2,,,,1987
Protetor contra sub/sobre tensão,,52,2,,,,1987
Microfone pré-amplificado multiuso,,53,2,,,,1987
Disparador de foguete por controle remoto,,54,2,,,,1987
Chocadeira eletrônica,,54,2,,,,1987
Fonte tiristorizada de 0-16V x 5A,,56,2,,,,1987
Tiro no escuro,,56,2,,,,1987
Chave eletrônica para videojogo,,57,2,,,,1987
Adaptador para transformar freqüencímetro em tacômetro,,57,2,,,,1987
Seqüencial convergente/divergente,,58,2,,,,1987
Indicador final para tape,,59,2,,,,1987
Iluminação de emergência,,59,2,,,,1987
Radiocontrole monocanal,,60,2,,,,1987
Interruptor de toque,,60,2,,,,1987
Gerador de sinal,,61,2,,,,1987
Receptor de VHF,,61,2,,,,1987
Proteção contra curto-circuito para bancada,,62,2,,,,1987
Roleta eletrônica,,63,2,,,,1987
Salva-programa para micro,,63,2,,,,1987
Vibrato,,64,2,,,,1987
Alarme de umidade,,65,2,,,,1987
Modulador para guitarra,,65,2,,,,1987
Walk-talk para 1 km,,66,2,,,,1987
Testador de cabos para áudio,,66,2,,,,1987
Rádio FM estéreo,,67,2,,,,1987
Oscilador telegráfico,,67,2,,,,1987
Roleta + dado eletrônico,,70,2,,,,1987
Amplificador valvulado,,70,2,,,,1987
VU de LEDs sofisticado,,71,2,,,,1987
Amplificador de 15W,,72,2,,,,1987
Amplificador de potência,,72,2,,,,1987
Multiprovador para bancada,,73,2,,,,1987
Alarme automotivo multifunção,,73,2,,,,1987
Fonte de 0-30V,,74,2,,,,1987
Amplificador de 10W,,74,2,,,,1987
Receptor sem alimentação,,75,2,,,,1987
Tiro ao alvo digital,,75,2,,,,1987
Proteção contra corrosão de antenas,,76,2,,,,1987
Cronômetro digital,,76,2,,,,1987
Teste de circuitos digitais,,77,2,,,,1987
Luz rítmica fluorescente para o carro,,78,2,,,,1987
Chave digital programável,,78,2,,,,1987
"Órgão ""power sound""",,79,2,,,,1987
Inversor para multímetros,,80,2,,,,1987
Injetor de duas freqüências,,80,2,,,,1987
Adaptação de chave VCR,,80,2,,,,1987
Simples teste de transistores,,81,2,,,,1987
Teste para transistores,,81,2,,,,1987
Rádio integrado,,82,2,,,,1987
Calendário semanal,,82,2,,,,1987
Amplificador de 5W,,83,2,,,,1987
Luz super-rítmica,,83,2,,,,1987
Roger-bip para rádio,,84,2,,,,1987
Seqüencial crazy,,85,2,,,,1987
Multiprovador digital,,86,2,,,,1987
Interface sem conexão com microcomputador,,87,2,,,,1987
Potenciômetro eletrônico,,88,2,,,,1987
TV Reparação,,89,2,,,,1987
Temporizador programável de 1 a 999 minutos,,3,3,,,,1988
Controle automático para bombas,,4,3,,,,1988
Mixer estéreo de duas entradas,,5,3,,,,1988
Alarme contra roubo de automóveis,,6,3,,,,1988
Microorgão eletrônico,,7,3,,,,1988
Redutor 6/9V para carro,,8,3,,,,1988
Chave digital de áudio,,8,3,,,,1988
Codificador por pulsos,,9,3,,,,1988
Provador de capacitores,,10,3,,,,1988
Mesa de revelação para silk-screen,,10,3,,,,1988
Calidoscópio bicolor,,11,3,,,,1988
Disparador de foguetes,,12,3,,,,1988
Chuveiro programado,,12,3,,,,1988
Amplificador valvulado de 10W,,13,3,,,,1988
Gerador de vídeo,,14,3,,,,1988
Ratoeira eletrônica,,15,3,,,,1988
Alarme de passagem,,16,3,,,,1988
Injetor/provador de continuidade,,16,3,,,,1988
Controlador seqüencial temporizado,,16,3,,,,1988
Gerador de sons especiais,,17,3,,,,1988
Temporizador automático,,18,3,,,,1988
Alarme residencial temporizado,,18,3,,,,1988
Chocadeira eletrônica,,19,3,,,,1988
Rádio de ondas médias,,20,3,,,,1988
Reset para o TK-85,,20,3,,,,1988
Sustentador para guitarra,,20,3,,,,1988
Imagem de prova no micro,,21,3,,,,1988
Amplificador de média potência,,22,3,,,,1988
Minitemporizador com unijunção,,22,3,,,,1988
Estação transmissora de FM,,23,3,,,,1988
Medidor de correntes elevadas CA e CC,,23,3,,,,1988
Conversor CC/CA para 25W,,24,3,,,,1988
Circuito de chaveamento de antena para o Atari,,24,3,,,,1988
Oscilador telegráfico,,25,3,,,,1988
Provador/medidor de componentes,,25,3,,,,1988
Contador didático por toque,,26,3,,,,1988
Codortrônica,,26,3,,,,1988
Sirene americana,,27,3,,,,1988
Provador de níveis lógicos,,27,3,,,,1988
Multitester,,28,3,,,,1988
Multímetro digital,,28,3,,,,1988
Lanterna automática controlada por luz,,30,3,,,,1988
Capacímetro,,30,3,,,,1988
Transmissor de FM,,31,3,,,,1988
Circuito para fluorescentes,,32,3,,,,1988
Teste para 4011/4001,,32,3,,,,1988
Controle remoto de volume,,32,3,,,,1988
Multímetro digital (II),,34,3,,,,1988
Alarme contra voltagem errada,,35,3,,,,1988
Decodificador BCD/7 segmentos,,35,3,,,,1988
Relé de falta de fase,,36,3,,,,1988
Sensor de caixa d'água com alarme programável,,37,3,,,,1988
Zumbidor,,37,3,,,,1988
Seqüencial bicolor,,38,3,,,,1988
Display de algarismos romanos,,38,3,,,,1988
Interruptor crepuscular,,40,3,,,,1988
Central de jogos,,40,3,,,,1988
Arquivo de componentes,,41,3,,,,1988
Ohmímetro/capacímetro,,42,3,,,,1988
Relógio com música,,42,3,,,,1988
Controle de potência até 1000W,,43,3,,,,1988
Móbile eletrônico,,44,3,,,,1988
Seqüencial varredura,,45,3,,,,1988
Estação de FM,,52,3,,,,1988
Modem minirrede,,52,3,,,,1988
Luminoso de rua,,54,3,,,,1988
Micromesa de som – Micromix 8,,54,3,,,,1988
Fechadura e alarme eletrônicos,,56,3,,,,1988
Manipulador eletrônico,,56,3,,,,1988
Temporizador econômico,,57,3,,,,1988
Bip-bip eletrônico,,58,3,,,,1988
Sino eletrônico,,58,3,,,,1988
Gerador experimental de MAT,,58,3,,,,1988
Intercomunicador audiovisual,,59,3,,,,1988
Distorcedor para guitarra,,59,3,,,,1988
Central de rádio,,60,3,,,,1988
Fonte sem transformador,,60,3,,,,1988
Interruptor com temporizador,,61,3,,,,1988
Medidor de intensidade de campo,,61,3,,,,1988
Gerador de barras por microcomputador,,62,3,,,,1988
Diginatal,,63,3,,,,1988
Injetor de ondas médias,,64,3,,,,1988
Teste de capacitores (AT),,64,3,,,,1988
Seqüencial cruzador,,64,3,,,,1988
Controle luminoso de velocidade,,65,3,,,,1988
Fonte simétrica de 12V e simples de 5V,,66,3,,,,1988
Pré-amplificador para microfone ou cápsula dinâmica,,66,3,,,,1988
Buzina automotiva,,67,3,,,,1988
Mike amplificado para PX,,67,3,,,,1988
Ritmo 2-em-1,,67,3,,,,1988
Contador digital de voltas ou objetos,,68,3,,,,1988
Intercomunicador ultra-simples,,68,3,,,,1988
Seqüencial sem integrado,,69,3,,,,1988
Pré-amplificador,,69,3,,,,1988
Ratoeira eletrônica (II),,70,3,,,,1988
Transmissor de videocassete,,70,3,,,,1988
Iluminação de emergência,,71,3,,,,1988
Microespião,,71,3,,,,1988
Robô Zero-2,,72,3,,,,1988
Robô de estufa,,74,3,,,,1988
Cálculo de multivibradores no MSX,,74,3,,,,1988
Redutor de tensão,,76,3,,,,1988
Termotimer,,76,3,,,,1988
Mixer com pré-escuta digital,,77,3,,,,1988
Marcador digital de combustível,,79,3,,,,1988
Alarme com sensor vibrátil,,79,3,,,,1988
Adaptador de joystick para CP400,,80,3,,,,1988
Regulador de tensão para o carro,,80,3,,,,1988
Transmissor AM de 20W,,82,3,,,,1988
Alarme simples,,82,3,,,,1988
Indicador de níveis lógicos,,83,3,,,,1988
Alarme temporizado,,83,3,,,,1988
VU de leds versátil,,84,3,,,,1988
Transmissor experimental para faixa do cidadão (11 metros),,85,3,,,,1988
Robô falante,,85,3,,,,1988
Walk-talkie para 300 metros,,86,3,,,,1988
Fonte regulável com temporizador,,87,3,,,,1988
Luz de emergência,,87,3,,,,1988
Reparação,,89,3,,,,1988
Transmissor AM,,3,4,,,Áudio,1988
Porteiro eletrônico,,4,4,,,Dispositivos de Segurança,1988
Proteção para TV e aparelhos de som,,5,4,,,Dispositivos de Segurança,1988
Minicentral de jogos,,6,4,,,Jogos,1988
Relógio digital,,7,4,,,Diversos,1988
Tiro ao led,,9,4,,,Jogos,1988
Controle digital de volume (por toque),,10,4,,,Áudio,1988
Central de alarmes,,12,4,,,Dispositivos de Segurança,1988
Tacômetro com UAA170,,13,4,,,Diversos,1988
Freqüencímetro a leds,,14,4,,,Bancada,1988
Alarme residencial,,15,4,,,Dispositivos de Segurança,1988
Teste de reflexos,,17,4,,,Jogos,1988
Provador lógico,,18,4,,,Bancada,1988
Módulo de contagem,,19,4,,,Diversos,1988
Acionador para elevador,,20,4,,,Diversos,1988
Amplificador monoestéreo de dois canais (80W),,21,4,,,Áudio,1988
Órgão digital polifônico,,22,4,,,Efeitos de Luz e Som,1988
Multiprovador para bancada,,23,4,,,Bancada,1988
Alarme residencial temporizado,,25,4,,,Dispositivos de Segurança,1988
Intermitente para aerizador de aquários,,26,4,,,Diversos,1988
Voltímetro a leds,,27,4,,,Bancada,1988
Acionador automático para bombas d'água,,28,4,,,Diversos,1988
VU removível,,29,4,,,Áudio,1988
Alarme de toque,,30,4,,,Dispositivos de Segurança,1988
Cálculos de bobinas,,31,4,,,Informática,1988
Dimmer de potência,,33,4,,,Efeitos de Luz e Som,1988
Pisca-pisca seqüencial,,33,4,,,Efeitos de Luz e Som,1988
Sirene de polícia (alarme para portas),,35,4,,,Efeitos de Luz e Som,1988
Fotocontrole remoto,,36,4,,,Diversos,1988
Central de efeitos luminosos,,37,4,,,Efeitos de Luz e Som,1988
Gerador de 455kHz,,42,4,,,Bancada,1988
Provador de continuidade CMOS,,42,4,,,Bancada,1988
Alarme remoto,,43,4,,,Dispositivos de Segurança,1988
Trava eletrônica para automóvel,,44,4,,,Dispositivos de Segurança,1988
Testador de cabos,,45,4,,,Bancada,1988
Amplificador de 5W,,46,4,,,Áudio,1988
Monitor visual para linha telefônica,,46,4,,,Diversos,1988
Multímetro eletrônico,,47,4,,,Bancada,1988
Crossover eletrônico,,49,4,,,Áudio,1988
Rádio AM de 6 transistores,,50,4,,,Áudio,1988
Seqüencial diferente,,51,4,,,Efeitos de Luz e Som,1988
Semáforo digital,,52,4,,,Efeitos de Luz e Som,1988
"A-276, um jogo eletrônico",,53,4,,,Jogos,1988
Equalizador integrado,,55,4,,,Áudio,1988
Interface para controle seqüencial no MSX,,57,4,,,Informática,1988
Cálculos em circuitos LC,,58,4,,,Informática,1988
Interface para micros,,59,4,,,Informática,1988
Sonar,,60,4,,,Diversos,1988
Desligamento automático para microcomputadores,,61,4,,,Informática,1988
Pré-equalizador,,62,4,,,Áudio,1988
Cálculos de transformadores,,63,4,,,Informática,1988
Pesquisador sonoro para transistores,,64,4,,,Idéias Práticas,1988
Ligação de tweeter e mid-range,,65,4,,,Idéias Práticas,1988
Capacímetro,,65,4,,,Idéias Práticas,1988
Indicador e protetor de polaridade invertida,,66,4,,,Idéias Práticas,1988
Tomada disjuntora,,66,4,,,Idéias Práticas,1988
Proteção contra curto-circuitos em fontes,,67,4,,,Idéias Práticas,1988
VU rítmico duplo,,67,4,,,Idéias Práticas,1988
Conversor digital/analógico,,68,4,,,Idéias Práticas,1988
Chapa para sanduíches,,68,4,,,Idéias Práticas,1988
Cortador de isopor,,69,4,,,Idéias Práticas,1988
Relé de luz,,69,4,,,Idéias Práticas,1988
Proteção contra falta de energia elétrica,,70,4,,,Idéias Práticas,1988
Pinagens dos principais componentes utilizados nos projetos desta edição,,71,4,,,,1988
Transceptor para 50MHz,,3,5,,,Áudio e RF,1989
Temporizador com 4017,,3,5,,,Diversos,1989
Proteção de linhas,,4,5,,,Dispositivos de Segurança,1989
Conversor/repetidor de FM para AM,,5,5,,,Áudio e RF,1989
MIC de ganho,,6,5,,,Áudio e RF,1989
Provador de transistores e diodos,,6,5,,,Bancada,1989
Fonte solar estabilizada de 3 e 6V,,7,5,,,Bancada,1989
Timer,,7,5,,,Diversos,1989
Limpa tubos,,8,5,,,Bancada,1989
Buzina bitonal,,8,5,,,Diversos,1989
Instigador de sono temporizado para rádios,,9,5,,,Diversos,1989
Starsafety,,10,5,,,Dispositivos de Segurança,1989
Porteiro eletrônico,,11,5,,,Áudio e RF,1989
Odômetro para bicicleta,,11,5,,,Diversos,1989
Starter eletrônico,,12,5,,,Diversos,1989
Central de jogos – Esportiva/Loto/Sena,,13,5,,,Jogos,1989
Fonte sem transformador,,14,5,,,Bancada,1989
Politeste,,18,5,,,Bancada,1989
Estufa bacteriológica para laboratório,,18,5,,,Diversos,1989
Transmissor de FM potente,,19,5,,,Áudio e RF,1989
Tranca-alarme seqüencial,,19,5,,,Dispositivos de Segurança,1989
Passarinho eletrônico,,20,5,,,Diversos,1989
Copiador de programas para microcomputadores,,22,5,,,Informática,1989
Chaveamento digital para fechadura eletromagnética,,22,5,,,Diversos,1989
O motor sob controle,,23,5,,,Diversos,1989
Chave programável de áudio,,24,5,,,Áudio e RF,1989
Alarme residencial protegido,,25,5,,,Dispositivos de Segurança,1989
Contador de pulsos,,26,5,,,Diversos,1989
Reverberador com o SAD512D,,27,5,,,Áudio e RF,1989
Relógio digital com despertador programável,,30,5,,,Diversos,1989
Osciloscópio de 10MHz,,34,5,,,Bancada,1989
Sirene policial de 3 sons,,35,5,,,Diversos,1989
Controle automático para bombas d'água,,36,5,,,Diversos,1989
Medindo capacitância com o multímetro,,37,5,,,Bancada,1989
Gerador de padrões para TV no MSX,,37,5,,,Informática,1989
Multímetro digital,,40,5,,,Bancada,1989
Simulador de presença,,41,5,,,Dispositivos de Segurança,1989
Relógio digital,,42,5,,,Diversos,1989
B7485 – Jogo comparador,,43,5,,,Jogos,1989
Controle remoto para TV,,44,5,,,Diversos,1989
Programa para cálculos de transformadores – MSX,,48,5,,,Informática,1989
Analisador de cabos,,50,5,,,Bancada,1989
Monitor para chamada telefônica,,50,5,,,Diversos,1989
VU seqüencial de leds,,51,5,,,Efeitos de Luz e Som,1989
Ampliação de fundo de escala de amperímetro no computador,,51,5,,,Informática,1989
Voltímetro digital,,52,5,,,Bancada,1989
Transmissor telefônico,,53,5,,,Áudio e RF,1989
Intercomunicador integrado,,54,5,,,Áudio e RF,1989
Respondedor eletrônico,,56,5,,,Diversos,1989
Temp-phone,,56,5,,,Diversos,1989
Programa para o cálculo de multivibradores no MSX,,57,5,,,Informática,1989
Ampliador de impedância para multímetros,,61,5,,,Bancada,1989
Grand-prix,,62,5,,,Jogos,1989
Alarme de luz,,64,5,,,Dispositivos de Segurança,1989
Sistema de controle automático,,64,5,,,Diversos,1989
Seqüencial de seis canais vai-e-vem,,66,5,,,Efeitos de Luz e Som,1989
Controle de toque temporizado para luz,,66,5,,,Diversos,1989
Controle remoto infravermelho,,67,5,,,Diversos,1989
Interface para MSX,,68,5,,,Informática,1989
Seqüencial de 20 canais,,69,5,,,Efeitos de Luz e Som,1989
Provador de eletrolíticos,,72,5,,,Idéias Práticas,1989
Transistores de silício usados como diodos zener,,72,5,,,Idéias Práticas,1989
Pisca lâmpada startiária,,72,5,,,Idéias Práticas,1989
Telégrafo experimental,,73,5,,,Idéias Práticas,1989
Intercomunicador de dois transistores,,73,5,,,Idéias Práticas,1989
Miniórgão,,73,5,,,Idéias Práticas,1989
Injetor de sinais,,74,5,,,Idéias Práticas,1989
Simples provador de diodos,,74,5,,,Idéias Práticas,1989
Sinalizador de nível de água,,74,5,,,Idéias Práticas,1989
Bobinador de fita cassete,,75,5,,,Idéias Práticas,1989
Adaptação da faixa de 10 metros no Cobra 148GTL,,75,5,,,Idéias Práticas,1989
Toc-toc simples para o carro,,76,5,,,Idéias Práticas,1989
Como testar diodos de MAT,,76,5,,,Idéias Práticas,1989
Miniventilador,,76,5,,,Idéias Práticas,1989
Fonte Especial de 13V x 5A para Toca-Fitas,,3,6,,,,1989
Calendário Eletrônico,,3,6,,,,1989
Mixer de 4 Canais,,4,6,,,,1989
Contador de Passagem Inteligente,,5,6,,,,1989
Cruzador,,6,6,,,,1989
Audioface para o MSX,,6,6,,,,1989
Cronômetro Digital,,8,6,,,,1989
Carregador de Nicad com Fonte para Rádio,,9,6,,,,1989
"Fonte Estabilizada para 1,5A",,9,6,,,,1989
Cronômetro para Fotógrafo,,10,6,,,,1989
Intercomunicador Óptico,,12,6,,,,1989
Alarme de Toque ou Aproximação,,13,6,,,,1989
Amplificador de 5W,,13,6,,,,1989
Amplificador de 500W RMS,,14,6,,,,1989
Eletrossenha,,15,6,,,,1989
Megôhmetro a Led,,15,6,,,,1989
Semáforo com Led,,16,6,,,,1989
Seqüencial com Programação Automática,,16,6,,,,1989
Receptor de Conversão Direta,,17,6,,,,1989
Adaptador para 200MΩ com Multímetro Comum,,18,6,,,,1989
Fonte de Laboratório,,18,6,,,,1989
Super Equalizador,,19,6,,,,1989
Velocímetro Digital,,20,6,,,,1989
Receptor Regenerativo de Ondas Médias,,21,6,,,,1989
Sistema de Som Biamplificado para Carro,,22,6,,,,1989
Gerador de Funções,,23,6,,,,1989
Chave Codificada Digital,,24,6,,,,1989
Copiador de Programas,,24,6,,,,1989
Proteção para o Lar,,26,6,,,,1989
Relógio Digital,,27,6,,,,1989
Conta-Giros Digital,,27,6,,,,1989
Receptor para 14MHz (20m),,28,6,,,,1989
Controle Remoto por Assobio,,28,6,,,,1989
Controle Remoto Seqüencial,,29,6,,,,1989
Booster para 88-108MHz,,30,6,,,,1989
Telessimulador,,41,6,,,,1989
VU Incandescente,,41,6,,,,1989
Espião Telefônico,,42,6,,,,1989
Temporizador para o CS5 da Gradiente,,43,6,,,,1989
Isqueiro Eletrônico,,43,6,,,,1989
Alarme Temporizado,,44,6,,,,1989
Medidor Digital de pH,,45,6,,,,1989
Despertador Solar,,45,6,,,,1989
Repetidor de Tiro para Atary ou Micros,,46,6,,,,1989
Termômetro Eletrônico,,48,6,,,,1989
Órgão Sintetizador Básico com Acorde,,48,6,,,,1989
Transformação de Escala para o Multímetro Icel,,49,6,,,,1989
Proteção para Rádio PX contra Excesso de Tensão,,50,6,,,,1989
MSX Telemodem,,50,6,,,,1989
No-Break para Micros,,52,6,,,,1989
Expansão de RAM para Sinclair,,52,6,,,,1989
Interface Programável,,53,6,,,,1989
Circuito de Referência de Tensão,,54,6,,,,1989
Controller - Interface para TK-90X,,54,6,,,,1989
Timer para Três Horas e Meia,,56,6,,,,1989
Potente Transmissor de FM,,57,6,,,,1989
Sistema de Monitoração por Microcomputador,,58,6,,,,1989
Sensor de Proximidade,,60,6,,,,1989
Capacímetro Digital,,61,6,,,,1989
Programa para Cálculo de Antenas Helicoidais,,61,6,,,,1989
Teste de Componentes,,63,6,,,Idéias Práticas,1989
Padrão de Tempo Preciso e Barato,,63,6,,,Idéias Práticas,1989
Sirene Sinalizadora,,64,6,,,,1989
Gerador de Padrões para TV,,64,6,,,,1989
Controle remoto proporcional,,3,7,,,,1990
Central de som profissional,,5,7,,,,1990
Relógio 4033,,6,7,,,,1990
Starter eletrônico para fluorescentes,,7,7,,,,1990
Porta I/O para MSX,,7,7,,,,1990
Programa para o cálculo de circuitos ressonantes,,8,7,,,,1990
Freqüencímetro PLL com voltímetro digital,,10,7,,,,1990
Sistema automático de proteção para granjas,,12,7,,,,1990
Controle diferente de água,,12,7,,,,1990
Silenciador para comercial,,13,7,,,,1990
Receptor de FM super-regenerativo,,14,7,,,,1990
Brake light com LEDs,,14,7,,,,1990
Programa para cálculo de reguladores tipo série,,16,7,,,,1990
Liga/desliga com um CMOS,,17,7,,,,1990
Super-rítimica para o carro,,18,7,,,,1990
Erratas,,18,7,,,,1990
Indicador audio-visual para relógios digitais,,19,7,,,,1990
Digiteste AP,,19,7,,,,1990
Interruptor temporizador com pisca-pisca,,20,7,,,,1990
Seqüencial programável,,32,7,,,,1990
Caixa de música digital,,32,7,,,,1990
Relógio digital,,33,7,,,,1990
Aviso com LDR,,34,7,,,,1990
Adaptação do relógio digital RD-01,,35,7,,,,1990
Proteção contra faltas e chegadas repentinas de energia,,36,7,,,,1990
Controle duplo de lâmpada por toque,,36,7,,,,1990
Roleta sonora eletrônica,,38,7,,,,1990
Efeitos luminosos programáveis,,38,7,,,,1990
Transmissor de FM de 2 km,,40,7,,,,1990
Programa para cálculo de antenas Dipolo,,42,7,,,,1990
Temporizador programável,,44,7,,,,1990
Ligação da linha telefônica ao aparelho de som,,44,7,,,,1990
Amplificador e fonte para radios portáteis,,45,7,,,,1990
Sintonia digital para FM,,46,7,,,,1990
Polarização simplificada de transistores no MSX,,47,7,,,,1990
Áudio espectro de FM,,48,7,,,,1990
"Receptor de sintonia contínua de 25-1,60MHz",,49,7,,,,1990
Luz rítimica de três canais,,49,7,,,,1990
Cronômetro digital de 60 minutos,,50,7,,,,1990
Duplo interruptor de toque,,52,7,,,,1990
Freqüencímetro digital,,52,7,,,,1990
Pistola laser infravermelha,,53,7,,,,1990
Magnetizador,,54,7,,,,1990
Seqüencial Up/Down de 10 canais,,55,7,,,,1990
Medidor de hFE a led,,55,7,,,,1990
Rejuvenescedor de cinescópios,,56,7,,,,1990
Comprovador de continuidade,,57,7,,,,1990
Micro-transmissor de onda curta,,57,7,,,,1990
Prolongador de vida pra lâmpadas,,58,7,,,,1990
Detector de mentiras,,58,7,,,,1990
Registrador de chamadas telefônicas,,59,7,,,,1990
Filtros passivos no computador,,60,7,,,,1990
Code Key,,62,7,,,,1990
Reparação Saber Eletrônica (fichas de 160 a 171),,63,7,,,,1990
Fotômetro Digital,,3,8,,,,1990
Jogo da Velha,,3,8,,,,1990
Transceptor de emergência para a faixa dos 40 metros,,4,8,,,,1990
VU de LEDs,,5,8,,,,1990
Grilo Eletrônico,,5,8,,,,1990
Poney – Transmissor de FM,,6,8,,,,1990
Fonte de 3-35V x 4A,,8,8,,,,1990
Temporizador simples,,10,8,,,,1990
Buffer-Trio,,11,8,,,,1990
Receptor heteródino para FM,,11,8,,,,1990
Temporizador controlado pela luz,,12,8,,,,1990
Detector de metais,,13,8,,,,1990
Simulador de presença,,14,8,,,,1990
Bip para pisca-pisca,,15,8,,,,1990
Eletroscópio,,15,8,,,,1990
Proteção trifásica,,16,8,,,,1990
Tele-Noise,,16,8,,,,1990
Nova secretária eletrônica,,17,8,,,,1990
Teste Joystick,,17,8,,,,1990
VU com lâmpadas incandescentes,,18,8,,,,1990
Dimmer de toque com memória,,19,8,,,,1990
Medidor de modulação para o PX,,19,8,,,,1990
Controle remoto infravermelho,,20,8,,,,1990
Multi-gerador de áudio,,21,8,,,,1990
Pulsador fluorescente,,21,8,,,,1990
Mixer de 10 canais,,22,8,,,,1990
Clock Simples,,22,8,,,,1990
Seqüencial de 6 canais,,23,8,,,,1990
Transmissor de FM alimentado pela rede,,23,8,,,,1990
Interface musical para MSX,,24,8,,,,1990
Programa para o 555,,25,8,,,,1990
Programa para gerar figuras de Lissajous,,27,8,,,,1990
Mantenha a bateria carregada,,39,8,,,,1990
Mixer de dois canais estéreo,,39,8,,,,1990
Interruptor Acústico,,40,8,,,,1990
Amplificador de 20 W,,41,8,,,,1990
Gerador de alta tensão,,41,8,,,,1990
Indicador de polaridade,,41,8,,,,1990
Controle remoto para lanterna,,42,8,,,,1990
Detector de RF,,42,8,,,,1990
Terfômetro,,43,8,,,,1990
Prolongador de vida para lâmpadas,,43,8,,,,1990
Acendedor automático de lâmpadas,,43,8,,,,1990
Relógio com mostrador diferente,,44,8,,,,1990
Medidor de ROE para PX,,45,8,,,,1990
Rádio como megafone,,46,8,,,,1990
Metralhadora eletrônica,,47,8,,,,1990
Receptor de FM com varicap,,47,8,,,,1990
Osciloscópio JJ,,48,8,,,,1990
Simulador de estéreo,,49,8,,,,1990
Servo Improvisado,,49,8,,,,1990
Chave de proximidade,,50,8,,,,1990
Contador óptico digital,,50,8,,,,1990
Power panel para aeromodelismo,,51,8,,,,1990
Gerador de Funções,,51,8,,,,1990
Sistema de segurança para automóveis,,52,8,,,,1990
Interface interna para o TK2000,,52,8,,,,1990
Temporizador de uso geral,,53,8,,,,1990
Mini mesa de gravação,,53,8,,,,1990
Fonte de 0-15 V x 7 A,,54,8,,,,1990
Alarme residencial,,54,8,,,,1990
Fonte de alimentação com controle por toque,,55,8,,,,1990
Gerador de Música,,56,8,,,,1990
Etapa de reforço para auto-rádios,,56,8,,,,1990
Multímetro simples,,57,8,,,,1990
Combinação Secreta,,57,8,,,,1990
Proteção contra sobre-tensão,,57,8,,,,1990
Indicador de falta de água,,58,8,,,,1990
Interface digital para comunicação,,58,8,,,,1990
Dado eletrônico,,59,8,,,,1990
Potente transmissor de FM,,60,8,,,,1990
Detector de áudio,,60,8,,,,1990
"Estação ""pirata"" de FM com mixer de 4 canais",,61,8,,,,1990
Chave de código,,61,8,,,,1990
Relógio para MSX,,62,8,,,,1990
Projeto de conversores A/D no computador,,62,8,,,,1990
Seguidor CMOS,,64,8,,,,1990
Correções e Observações da edição anterior,,64,8,,,,1990
Reparação Saber Eletrônica (fichas de 200 a 207),,65,8,,,,1990
Walkie Talkie para a faixa do cidadão,,3,9,,,,Janeiro/1991
Relógio digital,,4,9,,,,Janeiro/1991
Alarme com microcontrolador,,5,9,,,,Janeiro/1991
Gravação automática de conversação telefônica,,7,9,,,,Janeiro/1991
Acionador telefônico,,7,9,,,,Janeiro/1991
Caixa de música ou campainha musical,,9,9,,,,Janeiro/1991
Potente transmissor de FM,,10,9,,,,Janeiro/1991
"Fonte de 12 V com transformador de 6,3 V",,10,9,,,,Janeiro/1991
Indicador audiovisual para carros,,11,9,,,,Janeiro/1991
Alarme de falta de energia e sistema de iluminação de emergência,,12,9,,,,Janeiro/1991
Seqüencial super-máquina,,12,9,,,,Janeiro/1991
Contador acionado por pulso AC,,13,9,,,,Janeiro/1991
Velocímetro experimental para bicicleta,,14,9,,,,Janeiro/1991
Indicador luminoso de linha telefônica ocupada,,15,9,,,,Janeiro/1991
Pisca-pisca natalino improvisado,,16,9,,,,Janeiro/1991
Figura de lissajous no micro,,16,9,,,,Janeiro/1991
Injetor/seguidor de sinais com provador de continuidade,,17,9,,,,Janeiro/1991
Chave de código digital,,18,9,,,,Janeiro/1991
CW via gravador,,19,9,,,,Janeiro/1991
Congelador fotográfico de eventos,,20,9,,,,Janeiro/1991
Como projetar e executar placas de circuito impresso,,29,9,,,,Janeiro/1991
Timer programável,,40,9,,,,Janeiro/1991
VU de leds com corrimento,,40,9,,,,Janeiro/1991
Amplificador de 20 W,,41,9,,,,Janeiro/1991
Walkie talkie de 1/2 Watt,,42,9,,,,Janeiro/1991
Protetor de sobretensão,,43,9,,,,Janeiro/1991
Teclado codificado digital,,44,9,,,,Janeiro/1991
Controle remoto infravermelho,,44,9,,,,Janeiro/1991
Luzes aleatórias,,45,9,,,,Janeiro/1991
Despertador eletrônico,,47,9,,,,Janeiro/1991
Volt teste,,47,9,,,,Janeiro/1991
Tonal ativo com controle de graves,,48,9,,,,Janeiro/1991
Mini órgão didático,,50,9,,,,Janeiro/1991
Carga resistiva de potência para testes em fontes chaveadas,,51,9,,,,Janeiro/1991
Acionador foto controlado,,51,9,,,,Janeiro/1991
Toque rápido digital,,52,9,,,,Janeiro/1991
Transmissor de FM com simulador de estéreo,,53,9,,,,Janeiro/1991
Fonte CCS,,54,9,,,,Janeiro/1991
3 1/2 dígitos para o 3162,,56,9,,,,Janeiro/1991
Super-transmissor de FM estéreo,,56,9,,,,Janeiro/1991
Canário ecológico,,57,9,,,,Janeiro/1991
Rádio-relógio digital,,58,9,,,,Janeiro/1991
Alarme residencial,,60,9,,,,Janeiro/1991
Nexus II - Teste para semicondutores,,61,9,,,,Janeiro/1991
Receptor regenerativo experimental,,62,9,,,,Janeiro/1991
Caça fantasma,,62,9,,,,Janeiro/1991
Seletor de áudio digital,,63,9,,,,Janeiro/1991
Oscilador modulado pela luz (idéia prática),,64,9,,,,Janeiro/1991
Alarme infalível,,64,9,,,,Janeiro/1991
Luz de tempo,,65,9,,,,Janeiro/1991
Testador de 555 & 741,,66,9,,,,Janeiro/1991
Mini central para interfones,,66,9,,,,Janeiro/1991
Transmissor OM/CV,,67,9,,,,Janeiro/1991
Teste para leds (idéia prática),,68,9,,,,Janeiro/1991
Correções Fora de Série nº 8 - (Edição anterior),,68,9,,,,Janeiro/1991
Reparação Saber Eletrônica - Fora de Série (fichas de 29 a 44),,69,9,,,,Janeiro/1991
Receptor de FM estéreo,,3,10,,,,1991
MSX estéreo,,5,10,,,,1991
Potente transmissor de ondas curtas,,6,10,,,,1991
Super central de interfones,,6,10,,,,1991
Seqüencial de 4 canais,,7,10,,,,1991
Interface paralela p/ microcomputadores MSX,,8,10,,,,1991
Técnicas de transmissão,,10,10,,,,1991
Medidor de aplausos,,22,10,,,,1991
Cassino eletrônico,,22,10,,,,1991
Som especial para pianos de brinquedos,,23,10,,,,1991
Rádio oficina,,24,10,,,,1991
Freqüencímetro,,32,10,,,,1991
Pisca-pisca para árvores de Natal,,32,10,,,,1991
Sono-lux,,33,10,,,,1991
Fonte de 0-15 V x 3 A com ajuste fino,,34,10,,,,1991
Amplificador valvulado,,34,10,,,,1991
Transmissor 3 MHz x 5 W - valvulado,,36,10,,,,1991
Interruptor inteligente,,36,10,,,,1991
Projeto UFO,,39,10,,,,1991
Alarme para autos,,40,10,,,,1991
Chave acionada por código programável,,41,10,,,,1991
Interruptor fotosensível,,42,10,,,,1991
Repelente eletrônico,,42,10,,,,1991
Controle de temperatura para aquário,,43,10,,,,1991
Circuito de segurança,,43,10,,,,1991
Rádio a cristal,,44,10,,,,1991
Alarme de aumento de temperatura,,44,10,,,,1991
Rádio livre experimental,,45,10,,,,1991
Áudio monitor ambiental,,45,10,,,,1991
Testa lâmpadas com indicador de tensão,,47,10,,,,1991
Contact,,48,10,,,,1991
Telefone de brinquedo,,48,10,,,,1991
Gravitor,,49,10,,,,1991
Correções Fora de Série Nº 9 - (edição anterior),,49,10,,,,1991
Minifur,,50,10,,,,1991
Nível eletrônico,,51,10,,,,1991
Temporizador que avisa antes de desligar,,51,10,,,,1991
Pesquisador de sinais,,52,10,,,,1991
Alarme para deficientes,,52,10,,,,1991
Novo dado eletrônico,,53,10,,,,1991
Sensor de umidade de solo,,53,10,,,,1991
Comprovador 3 em 1,,54,10,,,,1991
Campainha eletrônica para telefones,,55,10,,,,1991
Testador/seguidor de sinais,,55,10,,,,1991
Sequencial de 10 LEDs,,56,10,,,,1991
Displays com dois níveis de luminosidade,,56,10,,,,1991
Comprovador de tensão e continuidade,,57,10,,,,1991
Oscilador foto-sensível,,57,10,,,,1991
Tabuada eletrônica do 9,,58,10,,,,1991
Pisca-pisca para duas lâmpadas,,59,10,,,,1991
Registrador de luz,,59,10,,,,1991
Pianinho eletrônico,,60,10,,,,1991
Micro-transmissor & super ouvido,,60,10,,,,1991
Rádio AM de 4 transmissores,,61,10,,,,1991
Abajur de raios,,62,10,,,,1991
Controle automático para bombas de água,,63,10,,,,1991
Guia de compras Brasil,,64,10,,,,1991
Reparação Saber Eletrônica - Fora de Série (fichas de 45 a 60),,69,10,,,,1991
Rádio corsário de FM,,3,11,,,,Janeiro/1992
Monitor de freqüência para a rede elétrica,,4,11,,,,Janeiro/1992
Secretária eletrônica,,5,11,,,,Janeiro/1992
Super fonte para transmissores de FM,,6,11,,,,Janeiro/1992
Luz de emergência simples,,6,11,,,,Janeiro/1992
VU diferente com LED bicolor,,7,11,,,,Janeiro/1992
Seqüencial automático,,7,11,,,,Janeiro/1992
Campainha automática para porta,,8,11,,,,Janeiro/1992
Correções Fora de Série Nº 10,,8,11,,,,Janeiro/1992
Transmissor de FM de 1 a 3 W,,9,11,,,,Janeiro/1992
Repelente eletrônico,,9,11,,,,Janeiro/1992
Voltímetro/capacímetro digital,,10,11,,,,Janeiro/1992
Balança eletrônica com escala em bargraph,,11,11,,,,Janeiro/1992
Capta-fone,,11,11,,,,Janeiro/1992
Pedal-trêmulo para guitarra,,12,11,,,,Janeiro/1992
Amplificador de 70/100 W,,12,11,,,,Janeiro/1992
Transmissor AM-FM-OC,,13,11,,,,Janeiro/1992
Micro-orgão,,13,11,,,,Janeiro/1992
Fonte-teste para bancada,,14,11,,,,Janeiro/1992
Regador eletrônico,,14,11,,,,Janeiro/1992
Mixer com escuta programada,,15,11,,,,Janeiro/1992
Especial: Seleção de circuitos práticos,,16,11,,,,Janeiro/1992
Dado eletrônico,,32,11,,,,Janeiro/1992
Fotômetro com escala de LEDs,,32,11,,,,Janeiro/1992
Alarme de aproximação eletroscópio,,33,11,,,,Janeiro/1992
Som para campainha,,33,11,,,,Janeiro/1992
Detector de fiação,,34,11,,,,Janeiro/1992
Equalizador para auto-rádio,,34,11,,,,Janeiro/1992
Seqüencial show,,36,11,,,,Janeiro/1992
Seqüencial acende-apaga,,36,11,,,,Janeiro/1992
Fechadura magnética c/ chave de código,,37,11,,,,Janeiro/1992
Tiro ao alvo,,38,11,,,,Janeiro/1992
Despertador foto-elétrico,,38,11,,,,Janeiro/1992
Ouvido de FM,,40,11,,,,Janeiro/1992
Chave sônica temporizada,,40,11,,,,Janeiro/1992
Proteção para fonte,,41,11,,,,Janeiro/1992
Prego-oscilador,,41,11,,,,Janeiro/1992
Ponte de Wheatstone simples,,42,11,,,,Janeiro/1992
Conversor de impedância e corrente,,42,11,,,,Janeiro/1992
Transmissor de FM de 1 W,,44,11,,,,Janeiro/1992
Sensor fotosensível,,44,11,,,,Janeiro/1992
LED game,,45,11,,,,Janeiro/1992
Teste de força,,45,11,,,,Janeiro/1992
Mini-mixer,,46,11,,,,Janeiro/1992
Programa para cálculo de ligações de alto-falantes,,46,11,,,,Janeiro/1992
Timer com 10 tempos diferentes,,47,11,,,,Janeiro/1992
Salva-eletrodomésticos,,47,11,,,,Janeiro/1992
Adaptador RGB/Vídeo composto,,48,11,,,,Janeiro/1992
Indicador de sub-tensão,,48,11,,,,Janeiro/1992
Luxmatic - Interruptor crepuscular temporizado,,49,11,,,,Janeiro/1992
Oscilador controlado pela luz,,49,11,,,,Janeiro/1992
Indicador de polaridade,,50,11,,,,Janeiro/1992
Pisca LED,,50,11,,,,Janeiro/1992
Chave de código,,50,11,,,,Janeiro/1992
Campainha musical,,52,11,,,,Janeiro/1992
Relógio digital com calendário,,52,11,,,,Janeiro/1992
Controle remoto para TV,,54,11,,,,Janeiro/1992
Simples provador de diodos,,56,11,,,,Janeiro/1992
Micro amplificador de rádio freqüência,,56,11,,,,Janeiro/1992
Super-transmissor de ondas curtas,,57,11,,,,Janeiro/1992
Master teste,,57,11,,,,Janeiro/1992
Toca-discos portátil de 5 Wrms,,58,11,,,,Janeiro/1992
Amplificador com o TDA2002 em ponte,,59,11,,,,Janeiro/1992
Provador de pilhas,,60,11,,,,Janeiro/1992
Interruptor noturno,,60,11,,,,Janeiro/1992
Controle remoto de 5 canais,,61,11,,,,Janeiro/1992
Simples inversor,,62,11,,,,Janeiro/1992
Sistema de som multi-funções,,62,11,,,,Janeiro/1992
Passarinho eletrônico,,64,11,,,,Janeiro/1992
Sinalizador para porta de garagem,,64,11,,,,Janeiro/1992
Amplificador inversor,,65,11,,,,Janeiro/1992
Fonte sem fio,,65,11,,,,Janeiro/1992
Capacímetro digital,,66,11,,,,Janeiro/1992
Grilo eletrônico,,67,11,,,,Janeiro/1992
Controle de velocidade p/ motores CA,,67,11,,,,Janeiro/1992
TBA-810 modulador,,68,11,,,,Janeiro/1992
Fone fácil,,68,11,,,,Janeiro/1992
Efeitos de luz p/ mini-chaveiros musicais,,69,11,,,,Janeiro/1992
Receptor de FM com TDA7000,,70,11,,,,Janeiro/1992
Medidor de potência PX/PY,,71,11,,,,Janeiro/1992
Tranca anti-roubo temporizada,,71,11,,,,Janeiro/1992
Guia de Compras Brasil,,72,11,,,,Janeiro/1992
Reparação Saber Eletrônica - Fora de Série (fichas de nº 61 a 76),,77,11,,,,Janeiro/1992
Transmissor de FM com indicador de modulação,,3,12,,,,Julho/1992
Super rádio de FM integrado,,4,12,,,,Julho/1992
Helicóptero eletrônico,,5,12,,,,Julho/1992
Campaínha secreta,,5,12,,,,Julho/1992
Gerador de 25 kV,,6,12,,,,Julho/1992
Timer com alarme,,6,12,,,,Julho/1992
Hiper transmissor de FM,,8,12,,,,Julho/1992
Seqüencial de 10 canais,,8,12,,,,Julho/1992
Anti-furto para moto,,10,12,,,,Julho/1992
Teste de flyback,,10,12,,,,Julho/1992
Sintonizador de FM/VHF,,11,12,,,,Julho/1992
Fonte de alimentação chaveada para multímetro digital LCD,,12,12,,,,Julho/1992
Marcador de pontos por infravermelho,,12,12,,,,Julho/1992
Comutador automático para TV,,13,12,,,,Julho/1992
Receptor regenerativo p/ rádio controle,,14,12,,,,Julho/1992
Rejuvenescedor de cinescópios,,14,12,,,,Julho/1992
Sensível detector de metais,,15,12,,,,Julho/1992
Especial: Como evitar erros de projetos,,16,12,,,,Julho/1992
Tiro ao alvo,,31,12,,,,Julho/1992
Aqualarm,,31,12,,,,Julho/1992
"Transmissor híbrido p/ 3,5 MHz",,32,12,,,,Julho/1992
Seqüencial de duas cores,,33,12,,,,Julho/1992
Voz de relé,,33,12,,,,Julho/1992
"Tranceptor de alta potência para 13,5 MHz",,34,12,,,,Julho/1992
Alarme para automóvel,,35,12,,,,Julho/1992
Repelente de insetos,,35,12,,,,Julho/1992
Transmissor de FM p/ 4 km,,36,12,,,,Julho/1992
Misturador p/ voz e música,,37,12,,,,Julho/1992
Controlador automático de nível de água,,37,12,,,,Julho/1992
Mini pisca-pisca,,39,12,,,,Julho/1992
Controle remoto infravermelho p/ TV,,39,12,,,,Julho/1992
Controle digital de volume,,41,12,,,,Julho/1992
Seqüencial super máquina,,42,12,,,,Julho/1992
Interface para medição de temperatura,,43,12,,,,Julho/1992
Fonte p/ freqüencímetro PLL,,44,12,,,,Julho/1992
Seletor automático de tensão,,45,12,,,,Julho/1992
Teste MSX,,45,12,,,,Julho/1992
Potente transmissor de FM com mixer,,46,12,,,,Julho/1992
Provador lógico tri-state,,47,12,,,,Julho/1992
Amplificador de potência transistorizado,,47,12,,,,Julho/1992
Decodificador estéreo p/ rádio e TV,,48,12,,,,Julho/1992
Gravador & leitor de EPROMs 2716,,48,12,,,,Julho/1992
Testador de cabos de áudio,,50,12,,,,Julho/1992
Teste p/ corrente alternada,,50,12,,,,Julho/1992
Porta sob controle,,51,12,,,,Julho/1992
Sintonizador de AM,,51,12,,,,Julho/1992
Órgão por toque,,52,12,,,,Julho/1992
Reativador de cinescópios,,52,12,,,,Julho/1992
Seqüencial de 10 canais,,53,12,,,,Julho/1992
Seqüencial de 5 canais,,54,12,,,,Julho/1992
Contagiros com calculadora,,54,12,,,,Julho/1992
Acionamento por senha p/ o automóvel,,55,12,,,,Julho/1992
Fone de alta impedância,,55,12,,,,Julho/1992
Música digital com gerador de tons,,56,12,,,,Julho/1992
Protetor de campainhas,,56,12,,,,Julho/1992
Transmissor de 27 a 30 MHz - 10 W,,57,12,,,,Julho/1992
Seletor de tensão,,58,12,,,,Julho/1992
Timer intermitente,,58,12,,,,Julho/1992
Sistema de segurança por computador,,59,12,,,,Julho/1992
VU de LEDs bicolores,,60,12,,,,Julho/1992
Sigilo telefônico,,61,12,,,,Julho/1992
Placa chave,,61,12,,,,Julho/1992
Alarme residencial temporizado,,62,12,,,,Julho/1992
Monitor de 8 níveis p/ caixa de água,,63,12,,,,Julho/1992
Sintonizador de FM com varicap,,64,12,,,,Julho/1992
Megafone,,64,12,,,,Julho/1992
Super transmissor,,65,12,,,,Julho/1992
Órgão eletrônico programável,,65,12,,,,Julho/1992
Amplificador de 400 W (PMPO),,67,12,,,,Julho/1992
Timer funcional,,68,12,,,,Julho/1992
Pisca-pisca de 20 LEDs para árvore de natal,,69,12,,,,Julho/1992
Célula solar experimental,,69,12,,,,Julho/1992
Ponte de medidas p/ capacitâncias,,70,12,,,,Julho/1992
Erratas - Fora-de-Série Nº 11,,70,12,,,,Julho/1992
Semáforo,,72,12,,,,Julho/1992
Guia de Compras Brasil,,73,12,,,,Julho/1992
Reparação Saber Eletrônica Fora de Série (fichas de nº 81 a 96),,77,12,,,,Julho/1992
Transceptor para 27 MHz,,3,13,,,,Janeiro/1993
Transmissor AM,,3,13,,,,Janeiro/1993
Módulo com despertador e timer programáveis de 1 minuto a 24 horas,,4,13,,,,Janeiro/1993
Controlador de motor de passo,,5,13,,,,Janeiro/1993
Freqüencímetro de rede,,5,13,,,,Janeiro/1993
Campainha musical,,7,13,,,,Janeiro/1993
Microfone de ganho para PX/PY,,7,13,,,,Janeiro/1993
Limpivox - 30 W para Public Address,,8,13,,,,Janeiro/1993
Carga fantasma para PX/PY de 20 W,,8,13,,,,Janeiro/1993
Mini gerador de funções,,10,13,,,,Janeiro/1993
Cortador de isopor,,11,13,,,,Janeiro/1993
Estroboscópica descomplicada,,11,13,,,,Janeiro/1993
Seqüencial derivado de 10 canais,,12,13,,,,Janeiro/1993
Alarme para motos,,13,13,,,,Janeiro/1993
Timer programado,,14,13,,,,Janeiro/1993
Atak,,14,13,,,,Janeiro/1993
VU diferente,,15,13,,,,Janeiro/1993
Despertador solar,,16,13,,,,Janeiro/1993
Microfone profissional eficiente,,16,13,,,,Janeiro/1993
VU seqüencial de 40 LEDs,,17,13,,,,Janeiro/1993
Resposta rápida expansível,,18,13,,,,Janeiro/1993
Timer para jogo de xadrez,,18,13,,,,Janeiro/1993
Inversor para fluorescentes,,20,13,,,,Janeiro/1993
Receptor de FM,,21,13,,,,Janeiro/1993
Barreira para ferromodelismo,,22,13,,,,Janeiro/1993
Transmissor de ondas curtas,,22,13,,,,Janeiro/1993
Seqüencial até 10 cargas,,23,13,,,,Janeiro/1993
Tacômetro digital,,23,13,,,,Janeiro/1993
Semáforo de 3 fases,,25,13,,,,Janeiro/1993
Analisador de espectro audível,,25,13,,,,Janeiro/1993
Controle triplo por toque,,28,13,,,,Janeiro/1993
Cigarra experimental,,28,13,,,,Janeiro/1993
Transmissor de FM para 10 Km,,34,13,,,,Janeiro/1993
Super tiro ao alvo,,34,13,,,,Janeiro/1993
Marcador de tempo para baterias eletrônicas,,36,13,,,,Janeiro/1993
Provador de transistores,,36,13,,,,Janeiro/1993
Indicador de ponto de parada de ônibus,,37,13,,,,Janeiro/1993
Banco de memoria compacto para CPU Z-80,,38,13,,,,Janeiro/1993
Fonte escalonada com mostrador,,39,13,,,,Janeiro/1993
Novo teclado para controle de TV,,40,13,,,,Janeiro/1993
Testador automático de flashes eletrônicos,,42,13,,,,Janeiro/1993
Medidor sonoro de capacitores,,43,13,,,,Janeiro/1993
Pisca-pisca de potência,,44,13,,,,Janeiro/1993
Seqüencial com controle de velocidade automático,,44,13,,,,Janeiro/1993
Testador de componentes,,45,13,,,,Janeiro/1993
Sirene multi-som,,45,13,,,,Janeiro/1993
Fonte 3 em 1,,46,13,,,,Janeiro/1993
Transmissor de FM de 5 W,,46,13,,,,Janeiro/1993
Chave de código para automóveis,,47,13,,,,Janeiro/1993
Comutador automático de tensão,,48,13,,,,Janeiro/1993
Alarme residencial,,49,13,,,,Janeiro/1993
Minuteria eletrônica,,50,13,,,,Janeiro/1993
Rádio relógio,,51,13,,,,Janeiro/1993
Cronômetro de precisão,,52,13,,,,Janeiro/1993
Verificação de rotação de motores,,53,13,,,,Janeiro/1993
Simples alarme eletrônico,,53,13,,,,Janeiro/1993
Super transmissor valvulado de FM,,54,13,,,,Janeiro/1993
Freqüencímetro digital de 0 - 10 MHz,,55,13,,,,Janeiro/1993
Medidor de hFe,,56,13,,,,Janeiro/1993
Seqüencial super 10 C,,57,13,,,,Janeiro/1993
Controle automático para lâmpada,,58,13,,,,Janeiro/1993
Anti-furto para veículos,,58,13,,,,Janeiro/1993
Barômetro,,59,13,,,,Janeiro/1993
Silenciador remoto,,60,13,,,,Janeiro/1993
Estação de solda,,61,13,,,,Janeiro/1993
Alarme anti-furto,,62,13,,,,Janeiro/1993
Sintetizador PLL,,62,13,,,,Janeiro/1993
Gerador de funções de precisão,,64,13,,,,Janeiro/1993
Contador digital II,,65,13,,,,Janeiro/1993
Amplificador de média potência,,66,13,,,,Janeiro/1993
Reparação Saber Eletrônica Fora de Série (fichas de nº 97 a 116),,67,13,,,,Janeiro/1993
Transmissor de TV,,3,14,,,Áudio e Vídeo,Julho/1993
Controle remoto multicanais via rede,,4,14,,,Automação e Controle,Julho/1993
Metrônomo digital PLL,,5,14,,,Bancada,Julho/1993
Amnésia,,6,14,,,Bancada,Julho/1993
Discadora telefônica para alarme,,8,14,,,Dispositivos de Segurança,Julho/1993
Toque-dimmer de luxo,,9,14,,,Luz e Som,Julho/1993
Transmissor de temperatura,,9,14,,,Bancada,Julho/1993
Contador digital de RPM,,12,14,,,Bancada,Julho/1993
Interface D/A para instrumentação,,12,14,,,Bancada,Julho/1993
Ultra-som para fisioterapia,,14,14,,,Diversos,Julho/1993
Fechadura eletrônica PLL,,16,14,,,Dispositivos de Segurança,Julho/1993
Relaxante para o carro,,16,14,,,Diversos,Julho/1993
Teste de DDY,,17,14,,,Bancada,Julho/1993
Temporizador multifunção,,18,14,,,Diversos,Julho/1993
Transmissor de pressão,,19,14,,,Bancada,Julho/1993
Direcionador de antena de TV,,25,14,,,Automação e Controle,Julho/1993
Transmissor de FM de 3 W,,26,14,,,Áudio e Vídeo,Julho/1993
Protetor inteligente,,27,14,,,Dispositivos de Segurança,Julho/1993
Seqüencial programável,,28,14,,,Luz e Som,Julho/1993
Indicador LED de baixo consumo,,30,14,,,Diversos,Julho/1993
Monitor de linha telefônica,,30,14,,,Diversos,Julho/1993
Automatismo completo para máquinas de lavar,,32,14,,,Automação e Controle,Julho/1993
Monitor de linha telefônica II,,33,14,,,Diversos,Julho/1993
Potenciômetro de controle digital multiplexado,,34,14,,,Automação e Controle,Julho/1993
Controle para bomba d'água,,35,14,,,Automação e Controle,Julho/1993
Transmissor de FM estéreo modulado por varicap,,36,14,,,Áudio e Vídeo,Julho/1993
Chave de código programável,,37,14,,,Dispositivos de Segurança,Julho/1993
Ponta de prova para freqüencímetros,,38,14,,,Bancada,Julho/1993
"Transformando ""Tanquinho"" em máquina de lavar roupas",,41,14,,,Automação e Controle,Julho/1993
Nano-PABX,,43,14,,,Áudio e Vídeo,Julho/1993
Pistola de ponto,,43,14,,,Luz e Som,Julho/1993
Transmissor QRP para 40 e 80 m,,45,14,,,Áudio e Vídeo,Julho/1993
Super timer digital,,45,14,,,Diversos,Julho/1993
Timer completo,,47,14,,,Diversos,Julho/1993
Medidor de umidade relativa,,48,14,,,Bancada,Julho/1993
Alarme que atira,,49,14,,,Dispositivos de Segurança,Julho/1993
Controlador de potência para chuveiros,,49,14,,,Automação e Controle,Julho/1993
Alarme temporizado para o carro,,51,14,,,Dispositivos de Segurança,Julho/1993
Processador de áudio,,52,14,,,Áudio e Vídeo,Julho/1993
Rejuvenescedor de cinescópios,,52,14,,,Bancada,Julho/1993
Controle remoto para receptor de TV via satélite,,55,14,,,Áudio e Vídeo,Julho/1993
Inversor profissional para lâmpadas fluorescentes,,57,14,,,Luz e Som,Julho/1993
Contador de passagem,,59,14,,,Automação e Controle,Julho/1993
Mixer multiplex para transmissor de FM,,60,14,,,Áudio e Vídeo,Julho/1993
Transcoder para câmera,,61,14,,,Áudio e Vídeo,Julho/1993
Afinador de violão,,62,14,,,Luz e Som,Julho/1993
Microfone amplificado para PX/PY com bip,,63,14,,,Áudio e Vídeo,Julho/1993
Mesa de som profissional,,64,14,,,Áudio e Vídeo,Julho/1993
Dado viciado,,64,14,,,Diversos,Julho/1993
Reparação Saber Eletrônica Fora de Série (fichas de nº 117 a 132),,67,14,,,,Julho/1993
Velocímetro digital,,4,15,,,Automação e Controle,Janeiro/1994
Sistema de loudness com pré-amplificador,,5,15,,,Áudio e Vídeo,Janeiro/1994
Gerador digital de sinais para PC,,6,15,,,Bancada,Janeiro/1994
VU gráfico,,7,15,,,Áudio e Vídeo,Janeiro/1994
Amplificador de 140 W para o carro,,10,15,,,Áudio e Vídeo,Janeiro/1994
Gerador de vídeo,,11,15,,,Áudio e Vídeo,Janeiro/1994
Crossover de 2 vias,,13,15,,,Áudio e Vídeo,Janeiro/1994
Mobile rítmico a LED,,14,15,,,Áudio e Vídeo,Janeiro/1994
Auto alarme infalível,,17,15,,,Dispositivos de Segurança,Janeiro/1994
Senha de acionamentos,,17,15,,,Dispositivos de Segurança,Janeiro/1994
Calibrador de FI AM / FM 2,,19,15,,,Áudio e Vídeo,Janeiro/1994
Ventilador termométrico,,19,15,,,Diversos,Janeiro/1994
Multímetro / capacímetro digital,,20,15,,,Bancada,Janeiro/1994
Fonte para reparos em videocassetes,,22,15,,,Bancada,Janeiro/1994
Esteira industrial inteligente,,23,15,,,Automação e Controle,Janeiro/1994
Metrônomo eletrônico,,24,15,,,Diversos,Janeiro/1994
Mixer estéreo de 4 entradas,,28,15,,,Áudio e Vídeo,Janeiro/1994
Digidimmer - dimmer digital,,29,15,,,Diversos,Janeiro/1994
Conta-giros digital,,30,15,,,Automação e Controle,Janeiro/1994
Timer digital programável até 100 horas,,32,15,,,Diversos,Janeiro/1994
Controle para caixas acústicas,,33,15,,,Áudio e Vídeo,Janeiro/1994
Codificador para fechadura eletromagnética,,34,15,,,Dispositivos de Segurança,Janeiro/1994
Testador de aparelhos telefônicos,,36,15,,,Bancada,Janeiro/1994
Interface analógico digital para PC,,39,15,,,Diversos,Janeiro/1994
Multi-timer de 24 horas,,41,15,,,Diversos,Janeiro/1994
Antena amplificada DX/PX,,42,15,,,Áudio e Vídeo,Janeiro/1994
Micro walkie-talkie,,42,15,,,Áudio e Vídeo,Janeiro/1994
Alarme residencial,,43,15,,,Dispositivos de Segurança,Janeiro/1994
Super-heretódino de VHF,,44,15,,,Áudio e Vídeo,Janeiro/1994
Carregador de baterias,,45,15,,,Bancada,Janeiro/1994
Relógio eletrônico para xadrez,,46,15,,,Diversos,Janeiro/1994
Capacímetro digital,,47,15,,,Bancada,Janeiro/1994
Bomba d'agua automática,,47,15,,,Automação e Controle,Janeiro/1994
Metamorfose eletrônica,,48,15,,,Diversos,Janeiro/1994
Portão automático,,50,15,,,Automação e Controle,Janeiro/1994
Simulador de EPROM 27128,,51,15,,,Diversos,Janeiro/1994
Braço mecânico,,52,15,,,Automação e Controle,Janeiro/1994
Medidor de ROE,,53,15,,,Bancada,Janeiro/1994
Receptor de ondas curtas de 3 a 20 MHz,,54,15,,,Áudio e Vídeo,Janeiro/1994
Fonte simétrica regulável,,54,15,,,Bancada,Janeiro/1994
Amplificador para o carro,,55,15,,,Áudio e Vídeo,Janeiro/1994
Divibrato,,56,15,,,Áudio e Vídeo,Janeiro/1994
Transmissor de ondas curtas com filtro cerâmico,,56,15,,,Áudio e Vídeo,Janeiro/1994
Caseiro fantasma,,57,15,,,Dispositivos de Segurança,Janeiro/1994
Simulador de linha telefônica,,58,15,,,Bancada,Janeiro/1994
Secretária eletrônica,,58,15,,,Diversos,Janeiro/1994
Temporizador para vitrines e letreiros,,60,15,,,Diversos,Janeiro/1994
Linha telefônica privada,,61,15,,,Diversos,Janeiro/1994
Sistema de alarme,,62,15,,,Dispositivos de Segurança,Janeiro/1994
Simulador de estéreo para TV,,63,15,,,Áudio e Vídeo,Janeiro/1994
Simulador de funções lógicas,,64,15,,,Bancada,Janeiro/1994
Calendário digital,,64,15,,,Diversos,Janeiro/1994
Controle de temperatura para soldadores,,66,15,,,Bancada,Janeiro/1994
Relógio / timer e simulador de presença,,66,15,,,Dispositivos de Segurança,Janeiro/1994
Relógio seqüencial,,68,15,,,Diversos,Janeiro/1994
Reparação Saber Eletrônica Fora de Série (fichas de 133 a 144),,71,15,,,,Janeiro/1994
Super termostato,,4,17,,,Automação e Sinalização,Fevereiro/1995
Simulador de EPROM,,4,17,,,Diversos,Fevereiro/1995
Radar infravermelho,,6,17,,,Dispositivos de Segurança,Fevereiro/1995
Aviso automático de silêncio,,7,17,,,Automação e Sinalização,Fevereiro/1995
Transmissor de FM estéreo,,7,17,,,Transmissores,Fevereiro/1995
Alarme residencial,,8,17,,,Dispositivos de Segurança,Fevereiro/1995
Osciloscópio de LEDs,,11,17,,,Bancada,Fevereiro/1995
Seqüencial com 17 LEDs,,11,17,,,Automação e Sinalização,Fevereiro/1995
Sinalizador para telefone,,13,17,,,Comunicação,Fevereiro/1995
Gerador de estímulos magnéticos,,13,17,,,Diversos,Fevereiro/1995
Medidor de hFE com LED indicador,,14,17,,,Bancada,Fevereiro/1995
VU de LEDs diferente,,14,17,,,Áudio e Vídeo,Fevereiro/1995
Alarme de porta aberta,,15,17,,,Dispositivos de Segurança,Fevereiro/1995
Odômetro para bicicleta,,15,17,,,Diversos,Fevereiro/1995
Meia temperatura para ferro de solda,,16,17,,,Bancada,Fevereiro/1995
Timer digital,,17,17,,,Automação e Sinalização,Fevereiro/1995
Transmissor valvulado de FM,,18,17,,,Transmissores,Fevereiro/1995
Relógio digital de 12 horas,,18,17,,,Diversos,Fevereiro/1995
Teste de fly-back,,21,17,,,Bancada,Fevereiro/1995
Automático para compressor de ar de aquário,,21,17,,,Automação e Sinalização,Fevereiro/1995
Indicador de estado de baterias,,22,17,,,Bancada,Fevereiro/1995
Amplificador linear para PX,,22,17,,,Transmissores,Fevereiro/1995
Gerador de efeitos sonoros,,23,17,,,Áudio e Vídeo,Fevereiro/1995
Transmissor de FM de 50 W,,24,17,,,Transmissores,Fevereiro/1995
Provador de transistores,,25,17,,,Bancada,Fevereiro/1995
Controlador de temperatura de 30 - 60°C,,25,17,,,Automação e Sinalização,Fevereiro/1995
Simples injetor/seguidor de sinais,,26,17,,,Bancada,Fevereiro/1995
Amplificador de 25 W para a faixa dos 11m,,26,17,,,Transmissores,Fevereiro/1995
"Transmissor híbrido de 3,5 MHz",,27,17,,,Transmissores,Fevereiro/1995
Seladora para embalagens plásticas,,28,17,,,Diversos,Fevereiro/1995
Secretária eletrônica,,29,17,,,Comunicação,Fevereiro/1995
Sistema de alarme residencial,,32,17,,,Dispositivos de Segurança,Fevereiro/1995
Som remoto por infravermelho,,32,17,,,Áudio e Vídeo,Fevereiro/1995
Amplificador de 35 W RMS,,33,17,,,Áudio e Vídeo,Fevereiro/1995
Seqüencial sônica bicolor,,34,17,,,Automação e Sinalização,Fevereiro/1995
Controle de sobre e subtensão,,35,17,,,Automação e Sinalização,Fevereiro/1995
Driver serial RS232S,,35,17,,,Diversos,Fevereiro/1995
Semáforo simples,,36,17,,,Automação e Sinalização,Fevereiro/1995
Multiplex estéreo profissional,,38,17,,,Áudio e Vídeo,Fevereiro/1995
Transceptor de VHF,,39,17,,,Transmissores,Fevereiro/1995
Eliminador da chave sobe/desce p/ antenas de carro,,40,17,,,Automação e Sinalização,Fevereiro/1995
Bloqueador de combustível temporizado,,41,17,,,Dispositivos de Segurança,Fevereiro/1995
Fechadura por cartão perfurado,,41,17,,,Dispositivos de Segurança,Fevereiro/1995
VU com indicador de pico,,43,17,,,Áudio e Vídeo,Fevereiro/1995
Monitor digital de temperatura automotivo,,44,17,,,Automação e Sinalização,Fevereiro/1995
Termômetro para multímetro digital,,45,17,,,Automação e Sinalização,Fevereiro/1995
Relógio digital,,45,17,,,Diversos,Fevereiro/1995
Reativador de cinescópios e testador de fly-back,,48,17,,,Bancada,Fevereiro/1995
Alarme de toque,,48,17,,,Dispositivos de Segurança,Fevereiro/1995
Sistema de proteção de fonte,,49,17,,,Bancada,Fevereiro/1995
Comutador para antenas parabólicas,,50,17,,,Automação e Sinalização,Fevereiro/1995
Luz estroboscópica,,50,17,,,Diversos,Fevereiro/1995
Circuito para teste de SCRs,,51,17,,,Bancada,Fevereiro/1995
Alarme de falta de memória,,51,17,,,Dispositivos de Segurança,Fevereiro/1995
Protetor para FAX/MODEM em no-operation,,52,17,,,Comunicação,Fevereiro/1995
Servo timer,,52,17,,,Automação e Sinalização,Fevereiro/1995
Árvore de natal eletrônica,,53,17,,,Automação e Sinalização,Fevereiro/1995
Fone alerta,,53,17,,,Dispositivos de Segurança,Fevereiro/1995
Pisca LEDs para bicicletas,,54,17,,,Automação e Sinalização,Fevereiro/1995
Gerador de alta tensão,,55,17,,,Bancada,Fevereiro/1995
Alarme eficiente,,55,17,,,Dispositivos de Segurança,Fevereiro/1995
Bancada super simples,,58,17,,,Bancada,Fevereiro/1995
Sistema de iluminação de emergência,,58,17,,,Dispositivos de Segurança,Fevereiro/1995
Detector de grampo telefônico,,59,17,,,Comunicação,Fevereiro/1995
Pré-amplificador para microfone de eletreto,,59,17,,,Áudio e Vídeo,Fevereiro/1995
Aquário automático,,60,17,,,Automação e Sinalização,Fevereiro/1995
Amplificador estéreo,,60,17,,,Áudio e Vídeo,Fevereiro/1995
Multímetro digital de baixo consumo,,62,17,,,Bancada,Fevereiro/1995
Grampo telefônico,,63,17,,,Comunicação,Fevereiro/1995
Temporizador universal sem relé,,64,17,,,Automação e Sinalização,Fevereiro/1995
Fonte PWM,,65,17,,,Bancada,Fevereiro/1995
Campainha eletrônica de 5 tons,,66,17,,,Automação e Sinalização,Fevereiro/1995
Reparação Fora de Série (fichas de 153 a 164),,73,17,,,,Fevereiro/1995
Disjuntor Eletrônico,,4,18,,,,Agosto/1995
Micro-transmissor,,4,18,,,,Agosto/1995
Módulo de contagem TTL,,5,18,,,,Agosto/1995
Timer com pré-aviso de fim de tempo,,5,18,,,,Agosto/1995
Controlador de motor de passo,,6,18,,,,Agosto/1995
Elevador de tensão 110/220 V,,7,18,,,,Agosto/1995
VU-Meter luminoso sofisticado,,7,18,,,,Agosto/1995
"Controle digital de volume, balanço, graves e agudos",,9,18,,,,Agosto/1995
Bargraph transistorizado,,10,18,,,,Agosto/1995
Receptor de FM ou VHF,,10,18,,,,Agosto/1995
Seqüencial cruzador vai-e-vem,,11,18,,,,Agosto/1995
Relógio solar com 2N3055,,12,18,,,,Agosto/1995
Teste de estado para bateria,,12,18,,,,Agosto/1995
Fonte de ouvido sem fio,,13,18,,,,Agosto/1995
Monitor de chamada para campainha,,14,18,,,,Agosto/1995
"Fonte ajustável com proteção (0 - 13,8 V x 3 A)",,16,18,,,,Agosto/1995
Teste imediato de transistores e diodos,,16,18,,,,Agosto/1995
Controle remoto por infravermelho,,17,18,,,,Agosto/1995
Freqüencímetro digital,,18,18,,,,Agosto/1995
Walk-talkie para a faixa de VHF e FM,,19,18,,,,Agosto/1995
Amplificador de potência (10 W) para transmissor de FM,,20,18,,,,Agosto/1995
Tabuada Eletrônica,,22,18,,,,Agosto/1995
Medidor de intensidade de campo,,23,18,,,,Agosto/1995
Transistor infravermelho,,23,18,,,,Agosto/1995
Chave de código,,24,18,,,,Agosto/1995
Sinalizador de chamada telefônica,,25,18,,,,Agosto/1995
Timer simples,,25,18,,,,Agosto/1995
Teste de joysticks,,25,18,,,,Agosto/1995
Fonte de 13 V x 5 A,,26,18,,,,Agosto/1995
Efeito visual para bailes,,26,18,,,,Agosto/1995
Provador lógico de CIs,,27,18,,,,Agosto/1995
"""Semáforo"" de continuidade",,27,18,,,,Agosto/1995
Fonte de 0 -12 V x 3 A,,28,18,,,,Agosto/1995
Oscilador de batimento,,29,18,,,,Agosto/1995
Transmissor de FM PLL,,30,18,,,,Agosto/1995
Medidor de ondas estacionárias,,31,18,,,,Agosto/1995
Indicador 110 / 220 VAC,,31,18,,,,Agosto/1995
Temporizador de longa duração,,32,18,,,,Agosto/1995
Seqüencial de alta potência,,33,18,,,,Agosto/1995
Roger Beep,,33,18,,,,Agosto/1995
Automático para cafeteria Walita expresso duo,,34,18,,,,Agosto/1995
Alarme,,35,18,,,,Agosto/1995
Trasmissor de FM digital,,38,18,,,,Agosto/1995
Chave de código,,40,18,,,,Agosto/1995
Pisca-Pisca de potência para árvore de natal,,40,18,,,,Agosto/1995
Sistema inteligente de iluminação de emergência,,42,18,,,,Agosto/1995
Carrilhão eletrônico,,43,18,,,,Agosto/1995
Potênciometro eletrônico,,44,18,,,,Agosto/1995
Bateria eletrônica,,45,18,,,,Agosto/1995
Reconhecedor DTMF,,47,18,,,,Agosto/1995
Chave eletrônica,,48,18,,,,Agosto/1995
Amplificador de RF para FM de 5 W,,48,18,,,,Agosto/1995
Transmissor de dados serial,,50,18,,,,Agosto/1995
Alarme infravermelho residencial,,51,18,,,,Agosto/1995
Transmissor de FM,,51,18,,,,Agosto/1995
Alarme residencial,,52,18,,,,Agosto/1995
Intercomunicador para o LAR,,53,18,,,,Agosto/1995
Central de áudio e vídeo,,57,18,,,,Agosto/1995
Regulador de temperatura para chocadeira,,4,19,,,,Fevereiro/1996
Conversor para fonte,,4,19,,,,Fevereiro/1996
Amplificador de 10 W,,5,19,,,,Fevereiro/1996
Decodificador substituto do TA7159,,5,19,,,,Fevereiro/1996
Comutador de vídeo,,6,19,,,,Fevereiro/1996
Roleta da sorte,,6,19,,,,Fevereiro/1996
Efeito luminoso para natal,,7,19,,,,Fevereiro/1996
Alarme residencial,,8,19,,,,Fevereiro/1996
Estrobo-rítmica seqüencial,,9,19,,,,Fevereiro/1996
O menor alarme do mundo,,10,19,,,,Fevereiro/1996
Bancada simples para ferro,,10,19,,,,Fevereiro/1996
Clock de 1 Hz,,10,19,,,,Fevereiro/1996
Pré-amplificador para guitarra,,11,19,,,,Fevereiro/1996
Controle remoto infravermelho para TV,,11,19,,,,Fevereiro/1996
Transceptor para a faixa dos 80 metros,,14,19,,,,Fevereiro/1996
Fonte de alimentação de precisão,,14,19,,,,Fevereiro/1996
Amplificador de 260 W(rms),,16,19,,,,Fevereiro/1996
Chave codificada,,17,19,,,,Fevereiro/1996
Wilteste - central de testes,,18,19,,,,Fevereiro/1996
Receptor de FM com TDA7000/TDA7052,,19,19,,,,Fevereiro/1996
Temporizador integrado,,19,19,,,,Fevereiro/1996
Amplificador de 20 + 20 W,,26,19,,,,Fevereiro/1996
Som espacial-surround para TV,,26,19,,,,Fevereiro/1996
Fonte estabilizada de 12 V x 2 A,,28,19,,,,Fevereiro/1996
Rejuvenescedor de baterias de relógios,,28,19,,,,Fevereiro/1996
Seqüencial bicolor de LEDs,,29,19,,,,Fevereiro/1996
Pré-magnético,,29,19,,,,Fevereiro/1996
Fonte protegida de 15 V x 1 A,,30,19,,,,Fevereiro/1996
Alarme residencial,,30,19,,,,Fevereiro/1996
Amplificador com o TDA2003,,31,19,,,,Fevereiro/1996
"Efeito ""super-máquina""",,31,19,,,,Fevereiro/1996
Dobrador de tensão,,32,19,,,,Fevereiro/1996
Pisca-pisca de LEDs,,32,19,,,,Fevereiro/1996
Disparador de flash auxiliar,,33,19,,,,Fevereiro/1996
Cara ou coroa eletrônico,,33,19,,,,Fevereiro/1996
Indicador sonoro para seta de motos,,34,19,,,,Fevereiro/1996
Varivolt,,34,19,,,,Fevereiro/1996
Monitor de temperatura ambiente,,35,19,,,,Fevereiro/1996
Anti-furto para moto,,36,19,,,,Fevereiro/1996
Pré-amplificador e saída para FM,,36,19,,,,Fevereiro/1996
Transmissor de FM de 3 watts,,37,19,,,,Fevereiro/1996
Provador de continuidade,,38,19,,,,Fevereiro/1996
Temporizador para 45 minutos,,38,19,,,,Fevereiro/1996
Receptor portátil de FM,,39,19,,,,Fevereiro/1996
Controle remoto,,39,19,,,,Fevereiro/1996
Super gerador de M.A.T.,,40,19,,,,Fevereiro/1996
Multiprovador,,41,19,,,,Fevereiro/1996
Alarme psicológico,,45,19,,,,Fevereiro/1996
Controle remoto via rádio,,45,19,,,,Fevereiro/1996
Disparador de flash auxiliar,,46,19,,,,Fevereiro/1996
Telefone automático ponto a ponto,,47,19,,,,Fevereiro/1996
Sistema eletrônico de segurança no trabalho,,47,19,,,,Fevereiro/1996
Carregador de baterias com controle de corrente,,49,19,,,,Fevereiro/1996
Receptor de VHF,,49,19,,,,Fevereiro/1996
Amplificador de alta potência,,50,19,,,,Fevereiro/1996
Seqüencial de 40 canais,,51,19,,,,Fevereiro/1996
Super-fonte simétrica,,51,19,,,,Fevereiro/1996
Inversor de 50 W,,53,19,,,,Fevereiro/1996
Transmissor para 11 metros com 20 canais,,53,19,,,,Fevereiro/1996
Sistema de alarme,,55,19,,,,Fevereiro/1996
Fonte de MAT,,56,19,,,,Fevereiro/1996
Vela mágica,,56,19,,,,Fevereiro/1996
Chama-peixes,,57,19,,,,Fevereiro/1996
Fonte de 15 V/10 A,,57,19,,,,Fevereiro/1996
Interruptor crepuscular,,58,19,,,,Fevereiro/1996
Amplificador reforçador,,58,19,,,,Fevereiro/1996
Fonte simples de 0 - 12 V x 2 A,,59,19,,,,Fevereiro/1996
"Fonte de alimentação dupla de 1,8 a 23 V x 3 A",,59,19,,,,Fevereiro/1996
Teste de continuidade,,60,19,,,,Fevereiro/1996
Chaveador de antenas de TV,,61,19,,,,Fevereiro/1996
Seleção de circuitos úteis,,62,19,,,,Fevereiro/1996
Práticas de service,,67,19,,,,Fevereiro/1996
Sequencial bicolor com LEDs,,4,20,,,,Agosto/1996
Tranca eletrônica programável,,4,20,,,,Agosto/1996
Linha telefônica simples,,6,20,,,,Agosto/1996
Interruptor para fluorescente temporizado,,7,20,,,,Agosto/1996
"Transmissor de 10 W para 7,6 MHz",,7,20,,,,Agosto/1996
Traçador de curvas,,9,20,,,,Agosto/1996
Secador de mãos,,9,20,,,,Agosto/1996
Controle remoto digital de 4 canais,,11,20,,,,Agosto/1996
Interruptor crepuscular simples,,12,20,,,,Agosto/1996
Alarme de passagem,,12,20,,,,Agosto/1996
Sintonizador satélite estéreo,,13,20,,,,Agosto/1996
Alarme temporizado,,14,20,,,,Agosto/1996
Tiro infravermelho,,16,20,,,,Agosto/1996
Foto acionador temporizado,,17,20,,,,Agosto/1996
Interruptor crepuscular,,17,20,,,,Agosto/1996
Codificador multiplex para estéreo,,18,20,,,,Agosto/1996
Provador de capacitores,,18,20,,,,Agosto/1996
Reforçador de som para carro (100 W),,19,20,,,,Agosto/1996
Temporizador,,20,20,,,,Agosto/1996
Pedal de distorção para violão e guitarra,,20,20,,,,Agosto/1996
Eletrificador de cercas,,21,20,,,,Agosto/1996
Receptor infravermelho para teste de controles remotos,,22,20,,,,Agosto/1996
Alerta visual de tensões,,23,20,,,,Agosto/1996
Temporizador programável,,23,20,,,,Agosto/1996
Pião eletrônico,,25,20,,,,Agosto/1996
"Transmissor de FM 1,45 W",,25,20,,,,Agosto/1996
Regulador série para cargas de bateria com painel solar,,27,20,,,,Agosto/1996
Fonte de 0 -15 V x 3 A com ajuste fino,,27,20,,,,Agosto/1996
Pisca-pisca para mobilete,,28,20,,,,Agosto/1996
Timer melhorado,,29,20,,,,Agosto/1996
Injetor/seguidor de sinais,,34,20,,,,Agosto/1996
Amplificador PWM,,34,20,,,,Agosto/1996
Anti-furto para o carro,,35,20,,,,Agosto/1996
Amplificador de 150 W (RMS),,36,20,,,,Agosto/1996
Injetor de sinais/seguidor e provador de continuidade,,37,20,,,,Agosto/1996
"Fonte de 13,8 V x 10 A",,37,20,,,,Agosto/1996
Campainha telefônica auxiliar,,38,20,,,,Agosto/1996
Amplificador BTL 20 +20 W,,39,20,,,,Agosto/1996
Alarme automotivo power,,40,20,,,,Agosto/1996
Amplificador de 50+50 W,,40,20,,,,Agosto/1996
Amplificador de RF para FM de 25 W,,42,20,,,,Agosto/1996
Simulador de alarme de carro,,42,20,,,,Agosto/1996
Transmissor de FM de 1 watt,,43,20,,,,Agosto/1996
Walkie-talkie para a faixa dos 2 metros,,43,20,,,,Agosto/1996
Fonte com proteção contra curto-circuitos,,45,20,,,,Agosto/1996
Teste de controles remotos infravermelhos,,46,20,,,,Agosto/1996
Controle eletrônico de passagem,,46,20,,,,Agosto/1996
Luz noturna automática,,48,20,,,,Agosto/1996
Amplificador de 150 W,,49,20,,,,Agosto/1996
Capacímetro digital para o módulo LCM300,,49,20,,,,Agosto/1996
Sistema de vídeos de segurança,,51,20,,,,Agosto/1996
Fichas de reparação,,53,20,,,,Agosto/1996
Seleção de circuitos úteis,,67,20,,,,Agosto/1996
Relé de eletrodos dois em um,,3,21,,,,Fevereiro/1997
Amplificador de reforço de 150 W para o carro,,4,21,,,,Fevereiro/1997
Sequencial com strobo,,4,21,,,,Fevereiro/1997
Carregador de baterias automático com luz de emergência,,6,21,,,,Fevereiro/1997
Sensor de palmas biestável,,6,21,,,,Fevereiro/1997
Transceptor para a faixa dos 80 metros,,7,21,,,,Fevereiro/1997
Luz rítmica simples,,8,21,,,,Fevereiro/1997
Detector de aproximação por infravermelhos,,9,21,,,,Fevereiro/1997
Temporizador anti-repique,,10,21,,,,Fevereiro/1997
Detector de DTMF,,11,21,,,,Fevereiro/1997
Luz rítmica de onda completa,,11,21,,,,Fevereiro/1997
Bip para o Cobrinha 19-PLUS ou 19-DX,,12,21,,,,Fevereiro/1997
Alarme para automóvel,,13,21,,,,Fevereiro/1997
Voltímetro automotivo analógico,,14,21,,,,Fevereiro/1997
Mixer de áudio,,14,21,,,,Fevereiro/1997
Alarme para moto,,15,21,,,,Fevereiro/1997
Alarme residencial com chave de código,,15,21,,,,Fevereiro/1997
Receptor para a faixa dos 40 metros,,17,21,,,,Fevereiro/1997
Megaled,,17,21,,,,Fevereiro/1997
Fonte estabilizada,,19,21,,,,Fevereiro/1997
Carregador de bateria de níquel-cádmio,,20,21,,,,Fevereiro/1997
Alarme automotivo,,20,21,,,,Fevereiro/1997
Nervo teste em versão integrada,,21,21,,,,Fevereiro/1997
Eletrificador de cercas a bateria e rede,,21,21,,,,Fevereiro/1997
Receptor AM experimental,,23,21,,,,Fevereiro/1997
Equalizador gráfico,,23,21,,,,Fevereiro/1997
Transmissor de FM de 25 W,,25,21,,,,Fevereiro/1997
Comando para boliche automático,,26,21,,,,Fevereiro/1997
"Fonte simétrica de 2,5 A",,26,21,,,,Fevereiro/1997
Timer digital automático,,27,21,,,,Fevereiro/1997
Codificador/decodificador para controle remoto,,29,21,,,,Fevereiro/1997
Campainha musical,,31,21,,,,Fevereiro/1997
Sequencial de 10 LEDs,,32,21,,,,Fevereiro/1997
Mini gerador de MAT,,32,21,,,,Fevereiro/1997
Interruptor eletrônico para inversor,,33,21,,,,Fevereiro/1997
"Fonte de alimentação com proteção contra curto-circuito, sobrecarga e superaquecimento",,34,21,,,,Fevereiro/1997
Alarme com comando magnético,,35,21,,,,Fevereiro/1997
Transmissor de VHF de 20 W sintetizado (144 MHz),,35,21,,,,Fevereiro/1997
Transmissor de FM de 7 W,,37,21,,,,Fevereiro/1997
Distribuidor de vídeo,,37,21,,,,Fevereiro/1997
Amplificador de 60/90/130 watts RMS,,38,21,,,,Fevereiro/1997
"Fonte de 13,8 V x 10 A",,39,21,,,,Fevereiro/1997
Conversor 12 VDC para 110 VAC,,40,21,,,,Fevereiro/1997
Chave 110/220 V automática,,41,21,,,,Fevereiro/1997
Transmissor de FM potente,,41,21,,,,Fevereiro/1997
Multi-efeito luminoso,,42,21,,,,Fevereiro/1997
Dado digital,,43,21,,,,Fevereiro/1997
Amplificador de 50 W para 88-108 MHz,,44,21,,,,Fevereiro/1997
Fonte de alimentação p/ estação de FM experimental,,45,21,,,,Fevereiro/1997
Especial: Basic Stamp - Automação de máquinas de embalagens,,46,21,,,,Fevereiro/1997
Reparações: Práticas de service,,58,21,,,,Fevereiro/1997
Utilidades: Seleção de circuitos úteis,,66,21,,,,Fevereiro/1997
Utilidades: Informações úteis,,73,21,,,,Fevereiro/1997
Chave de código com cartão,,4,22,,,,Agosto/1997
Fonte de 3 V para walkman,,5,22,,,,Agosto/1997
VU com o 4017,,6,22,,,,Agosto/1997
Controlador de cargas por computador,,7,22,,,,Agosto/1997
Timer para cargas comuns,,8,22,,,,Agosto/1997
Foto-relé de voz temporizado,,8,22,,,,Agosto/1997
Reversor digital,,9,22,,,,Agosto/1997
Alarme temporizado com trava,,10,22,,,,Agosto/1997
Conversor de VHF para FM,,11,22,,,,Agosto/1997
Alarme residencial no-break,,11,22,,,,Agosto/1997
Chave solo & níveis para guitarra,,12,22,,,,Agosto/1997
Conversor de VHF para AM,,13,22,,,,Agosto/1997
Eliminador de baterias de câmeras cancorder,,13,22,,,,Agosto/1997
Mixer com o 741,,14,22,,,,Agosto/1997
Proteção contra curtos em fontes,,15,22,,,,Agosto/1997
Fonte de alimentação de 5 A,,16,22,,,,Agosto/1997
Fotômetro,,16,22,,,,Agosto/1997
Amplificador de linha de 30 dB para UHF/VHF e FM,,17,22,,,,Agosto/1997
LED indicador para ferros de soldar,,18,22,,,,Agosto/1997
Timer de pressão,,18,22,,,,Agosto/1997
Inversor de 12 V para 110 ou 220 V,,20,22,,,,Agosto/1997
Super timer,,20,22,,,,Agosto/1997
Reversão automática para motor,,22,22,,,,Agosto/1997
Contador de RPM,,22,22,,,,Agosto/1997
Eletro-estimulador tipo TENS,,24,22,,,,Agosto/1997
Ultra-som para fisioterapia,,25,22,,,,Agosto/1997
Ativador analisasor de cinescópio,,26,22,,,,Agosto/1997
Controle de velocidade para motores de tape-decks,,27,22,,,,Agosto/1997
Programador analógico para máquinas,,27,22,,,,Agosto/1997
Caixa amplificada profissional,,29,22,,,,Agosto/1997
Multiplex estéreo para transmissores,,31,22,,,,Agosto/1997
Receptor de FM monofônico com memória,,32,22,,,,Agosto/1997
Comando automático para portas com retardo,,34,22,,,,Agosto/1997
Protetor de aparelhos elétricos,,35,22,,,,Agosto/1997
Adaptador de escala para multímetro,,35,22,,,,Agosto/1997
Detetor de níveis lógicos,,36,22,,,,Agosto/1997
Pedal heavy metal para guitarra,,36,22,,,,Agosto/1997
Gerador de tensão negativa,,38,22,,,,Agosto/1997
Medidor de ângulo de permanência,,38,22,,,,Agosto/1997
Módulo amplificador para o carro,,40,22,,,,Agosto/1997
Fonte para transceptores PX/UHF e amplificadores,,41,22,,,,Agosto/1997
Atendimento automático,,42,22,,,,Agosto/1997
Transmissor de FM potente (2 W),,42,22,,,,Agosto/1997
Transmissor de FM,,44,22,,,,Agosto/1997
Traçador de curvas,,44,22,,,,Agosto/1997
Lâmpada azul,,45,22,,,,Agosto/1997
Interface para porta paralela,,46,22,,,,Agosto/1997
Pré-amplificador com 3 entradas e monitor,,47,22,,,,Agosto/1997
Alarme residencial com proteção contra corte de energia,,49,22,,,,Agosto/1997
Especial: Tacômetro sinalizador,,51,22,,,,Agosto/1997
Controle de luminosidade,,62,22,,,,Agosto/1997
Controlador e gerenciador de motor de passo,,62,22,,,,Agosto/1997
Reparações: Práticas de service,,67,22,,,,Agosto/1997
Como Fazer Montagens Críticas,,4,23,,,,Fevereiro/1998
Walkie-Talkie de FM,,12,23,,,,Fevereiro/1998
Contador digital de passagem (Roleta Eletrônica),,12,23,,,,Fevereiro/1998
Chave Eletrônica transistorizada,,14,23,,,,Fevereiro/1998
Alarme com chaveiro magnético,,15,23,,,,Fevereiro/1998
Transmissor de FM de 15 W,,16,23,,,,Fevereiro/1998
Fotocontrolador,,17,23,,,,Fevereiro/1998
Gerador de ruídos,,17,23,,,,Fevereiro/1998
Injetor de sinais VHF,,18,23,,,,Fevereiro/1998
Transmissor de FM corsário II,,19,23,,,,Fevereiro/1998
Controle de volume digital,,20,23,,,,Fevereiro/1998
Irrigador Eletrônico,,21,23,,,,Fevereiro/1998
Monitor de passagem por infravermelho,,22,23,,,,Fevereiro/1998
Gerador de música com batida (RAP Melody),,23,23,,,,Fevereiro/1998
Provador de continuidade com voltímetro neon,,25,23,,,,Fevereiro/1998
Simples fotorrelé,,25,23,,,,Fevereiro/1998
Comando biestável para motor,,26,23,,,,Fevereiro/1998
Senha eletrônica profissional,,26,23,,,,Fevereiro/1998
"Receptor para 20, 30 e 40 metros",,28,23,,,,Fevereiro/1998
Medidor de pequenas resistências,,28,23,,,,Fevereiro/1998
Fonte de alimentação de 10 A,,29,23,,,,Fevereiro/1998
Reversão automática,,30,23,,,,Fevereiro/1998
Amplificador com o TDA2002 em ponte,,30,23,,,,Fevereiro/1998
Transmissor de FM,,31,23,,,,Fevereiro/1998
Iluminação de emergência simples,,32,23,,,,Fevereiro/1998
Sistema de alarme de chamadas telefônicas,,32,23,,,,Fevereiro/1998
Fonte de alimentação para bancada,,33,23,,,,Fevereiro/1998
Interruptor acústico,,34,23,,,,Fevereiro/1998
Tranca digital de 8 dígitos,,34,23,,,,Fevereiro/1998
Dimmer digital,,36,23,,,,Fevereiro/1998
Amplificador de 2 a 30 MHz - 330 W,,38,23,,,,Fevereiro/1998
Amplificador de 120 A 250 MHz com 50 W de potência,,39,23,,,,Fevereiro/1998
Sequencial vai-e-vem,,39,23,,,,Fevereiro/1998
"Amplificador de RF de 7,5 W para FM",,41,23,,,,Fevereiro/1998
Indicador de interruptor paralelo,,41,23,,,,Fevereiro/1998
Interruptor digital,,42,23,,,,Fevereiro/1998
Capacímetro para multímetro digital,,42,23,,,,Fevereiro/1998
Minuteria eletrônica de toque,,43,23,,,,Fevereiro/1998
Comutador automático de tensão,,44,23,,,,Fevereiro/1998
Timer para tanquinho,,45,23,,,,Fevereiro/1998
Indicador de sub e sobretensão,,46,23,,,,Fevereiro/1998
Amplificador de 20 W rms,,47,23,,,,Fevereiro/1998
Detector de infravermelho,,47,23,,,,Fevereiro/1998
Acionador para servo-mecanismo para radiocontrole,,48,23,,,,Fevereiro/1998
Alarme residencial,,49,23,,,,Fevereiro/1998
Transis-teste,,49,23,,,,Fevereiro/1998
Controle remoto digital expansível,,50,23,,,,Fevereiro/1998
Transmissor de FM valvulado - sucato,,52,23,,,,Fevereiro/1998
Detetor de defeitos intermitentes,,53,23,,,,Fevereiro/1998
Reparações,,54,23,,,,Fevereiro/1998
Reparando equipamentos valvulados,,4,24,,,Matéria,Agosto/1998
Recarga de pilhas comuns com mais segurança,,9,24,,,,Agosto/1998
Super alarme de aproximação,,10,24,,,,Agosto/1998
Sequenciais opostos controlados pela luz,,11,24,,,,Agosto/1998
Luz de emergência temporizada,,11,24,,,,Agosto/1998
Flip-flop com relés,,12,24,,,,Agosto/1998
Amplificador de 20 W,,13,24,,,,Agosto/1998
Amplificador de 800 W,,13,24,,,,Agosto/1998
Transmissor estéreo para rádio comunitária,,15,24,,,,Agosto/1998
Teste de eletrodoméstico,,17,24,,,,Agosto/1998
Minuteria eletrônica,,18,24,,,,Agosto/1998
Oscilador com saída variável,,18,24,,,,Agosto/1998
Amplificador para FM 88-108 MHz de 100 W,,19,24,,,,Agosto/1998
Campainha musical,,20,24,,,,Agosto/1998
Qual é o número?,,20,24,,,,Agosto/1998
Fonte de alimentação estabilizada,,21,24,,,,Agosto/1998
Tacômetro digital,,22,24,,,,Agosto/1998
Módulo de alarme para carro,,23,24,,,,Agosto/1998
Amplificador de alta potência de 200 W,,24,24,,,,Agosto/1998
Temporizador para iluminação,,24,24,,,,Agosto/1998
Antena ativa,,25,24,,,,Agosto/1998
Automação via porta paralela,,25,24,,,,Agosto/1998
Antifurto simples para carros,,26,24,,,,Agosto/1998
Comando automático para portas sem retardo,,27,24,,,,Agosto/1998
Alarme residencial com controle remoto,,27,24,,,,Agosto/1998
Indicador de dólar falso (Verdólar),,29,24,,,,Agosto/1998
Semáforo de dois tempos,,29,24,,,,Agosto/1998
VU matricial de 100 LEDs,,30,24,,,,Agosto/1998
S-10 - uma fonte diferente,,31,24,,,,Agosto/1998
Campainha eletrônica temporizada,,32,24,,,,Agosto/1998
Gerador de sinais com ciclo ativo controlado,,32,24,,,,Agosto/1998
Amplificador de 100 W para o carro,,33,24,,,,Agosto/1998
Transmissor valvulado de ondas médias de 50 W,,34,24,,,,Agosto/1998
Sino eletrônico,,35,24,,,,Agosto/1998
Amplificador de som para o carro,,36,24,,,,Agosto/1998
Inversor de alta potência,,37,24,,,,Agosto/1998
Interruptor three-way de toque eletrônico,,39,24,,,,Agosto/1998
Fechadura com senha,,40,24,,,,Agosto/1998
Optikus - auto-alarme,,41,24,,,,Agosto/1998
Sequencial de 60 000 W por canal,,41,24,,,,Agosto/1998
Monitor de 5 níveis de tensão,,43,24,,,,Agosto/1998
Decodificador de teclado,,44,24,,,,Agosto/1998
Alarme residencial,,46,24,,,,Agosto/1998
Placar eletrônico,,47,24,,,,Agosto/1998
Timer para banhos de sol,,48,24,,,,Agosto/1998
Fonte com proteção e indicador com LEDs,,48,24,,,,Agosto/1998
Indicador de quick-lag desligado,,50,24,,,,Agosto/1998
Super gerador de sinais,,50,24,,,,Agosto/1998
Alarme cem,,51,24,,,,Agosto/1998
Transmissor FM estéreo,,51,24,,,,Agosto/1998
Gerador de três frequências,,52,24,,,,Agosto/1998
Fone de ouvido estéreo sem fio,,53,24,,,,Agosto/1998
Soluções alternativas em reparações,,56,24,,,Matéria,Agosto/1998
Errata Fora de Série nº 23,,59,24,,,,Agosto/1998
Práticas de service,,60,24,,,,Agosto/1998
Simples Nível Eletrônico,,5,25,,,,Fevereiro/1999
Alarme Doméstico,,5,25,,,,Fevereiro/1999
Timer,,6,25,,,,Fevereiro/1999
Monitor de Fusível Aberto,,7,25,,,,Fevereiro/1999
Multigerador de Sinais Sonoros Sequencial,,7,25,,,,Fevereiro/1999
Transmissor de FM de 100 W,,8,25,,,,Fevereiro/1999
Amplificador de Antena,,10,25,,,,Fevereiro/1999
Fonte de 12 V x 5 A,,11,25,,,,Fevereiro/1999
Aparelho de Condutividade para Água,,11,25,,,,Fevereiro/1999
Controle Remoto Infravermelho,,12,25,,,,Fevereiro/1999
Monitor de Comutadores de Três Vias,,13,25,,,,Fevereiro/1999
Protetor de Circuitos TTL,,14,25,,,,Fevereiro/1999
Cerca Eletrônica,,14,25,,,,Fevereiro/1999
Receptor de VHF,,15,25,,,,Fevereiro/1999
Teste Simples de Transistores,,16,25,,,,Fevereiro/1999
Mike de Ganho,,17,25,,,,Fevereiro/1999
Transmissor de FM de 35 W,,17,25,,,,Fevereiro/1999
Fonte de 12 V x 5 A,,18,25,,,,Fevereiro/1999
Amplificador de 6 W,,19,25,,,,Fevereiro/1999
Efeito Abre e Fecha,,19,25,,,,Fevereiro/1999
Painel Visual para Motos e Carros,,20,25,,,,Fevereiro/1999
Calendário Eletrônico,,21,25,,,,Fevereiro/1999
Iluminação de Emergência com Fluorescente,,23,25,,,,Fevereiro/1999
Efeito Luminoso para Natal,,24,25,,,,Fevereiro/1999
Irrigador Eletrônico,,25,25,,,,Fevereiro/1999
Indicador para Linha Telefônica,,26,25,,,,Fevereiro/1999
Conversor Luz-Frequência,,26,25,,,,Fevereiro/1999
Dois Efeitos de Luz para Aparelhos de Som,,27,25,,,,Fevereiro/1999
Alarme para 110/220 V,,28,25,,,,Fevereiro/1999
Proteção de Sobretensão em Pontes Retificadoras de Potência,,30,25,,,,Fevereiro/1999
Alarme para o Lar,,31,25,,,,Fevereiro/1999
Sensor Fotoelétrico,,31,25,,,,Fevereiro/1999
Decodificador/Driver de 7 Segmentos com Interface Serial,,32,25,,,Projetos de Fábrica,Fevereiro/1999
Comparador de Janela,,33,25,,,Projetos de Fábrica,Fevereiro/1999
Controle de Velocidade para Motores DC,,34,25,,,Projetos de Fábrica,Fevereiro/1999
Seguidor - Inversor de Alta Frequência,,35,25,,,Projetos de Fábrica,Fevereiro/1999
Drive para MOS-SCR,,37,25,,,Projetos de Fábrica,Fevereiro/1999
Driver para Servo,,38,25,,,Projetos de Fábrica,Fevereiro/1999
Práticas de Service - Fora de Série,,39,25,,,,Fevereiro/1999
Informações Úteis para o Projetista,,55,25,,,,Fevereiro/1999
Pistola desmagnetizadora de cinescópios,,4,26,,,,Agosto/1999
Monitor/controlador de nível de reservatórios,,4,26,,,,Agosto/1999
Acionamento por chamada telefônica,,6,26,,,,Agosto/1999
Timer duplo,,7,26,,,,Agosto/1999
Master - transmissor de FM com cristal,,7,26,,,,Agosto/1999
Central de alarme,,9,26,,,,Agosto/1999
Ignição eletrônica,,10,26,,,,Agosto/1999
Simulador para teste de telefone,,10,26,,,,Agosto/1999
Dispositivo de proteção para motores trifásicos,,12,26,,,,Agosto/1999
Decodificador DTMF serial,,12,26,,,,Agosto/1999
Árvore de natal,,13,26,,,,Agosto/1999
Conversor de 11m/40m,,15,26,,,,Agosto/1999
Sequencial de alta potência,,16,26,,,,Agosto/1999
Câmara de eco,,17,26,,,,Agosto/1999
Receptor de VHF,,18,26,,,,Agosto/1999
Laser para fisioterapia,,19,26,,,,Agosto/1999
Semáforo com controle remoto,,20,26,,,,Agosto/1999
Vacainha - campainha diferente,,20,26,,,,Agosto/1999
Indicador de estado de bateria,,22,26,,,,Agosto/1999
Rádio OM/OC experimental,,22,26,,,,Agosto/1999
Protetor de rede elétrica,,23,26,,,,Agosto/1999
Roger-beep para PX,,23,26,,,,Agosto/1999
Retardo para proteção de caixa acústica,,24,26,,,,Agosto/1999
Transmissor de 100 MHz sintetizado,,24,26,,,,Agosto/1999
Regulador de tensão para baterias de 9 V,,26,26,,,,Agosto/1999
Alarme residencial com sensor laser,,26,26,,,,Agosto/1999
Simulador de linha telefônica,,28,26,,,,Agosto/1999
Pedal de efeito heavy-metal,,28,26,,,,Agosto/1999
Timer multi-uso,,29,26,,,,Agosto/1999
Equalizador gráfico,,29,26,,,,Agosto/1999
"Fonte de 13,8 V x 30 A",,31,26,,,,Agosto/1999
Pisca lâmpada incandescente,,32,26,,,,Agosto/1999
TV como osciloscópio,,33,26,,,,Agosto/1999
Conversor senoidal para retangular,,34,26,,,,Agosto/1999
Idéia prática - retificador para moto,,34,26,,,,Agosto/1999
Chave de código,,35,26,,,,Agosto/1999
Voltímetro digital para baterias,,36,26,,,,Agosto/1999
Alarme de umidade e chuva,,37,26,,,,Agosto/1999
Transceptor CW para 80 metros,,38,26,,,,Agosto/1999
Alarme temporizado,,39,26,,,,Agosto/1999
Transmissor Gênesis,,40,26,,,,Agosto/1999
Central para intercomunicadores minivox,,41,26,,,,Agosto/1999
Proteção inteligente,,42,26,,,,Agosto/1999
Reparações - Fora de Série,,45,26,,,,Agosto/1999
Blocos construtivos,,56,26,,,,Agosto/1999
Nomes dos sinais de barramento,,61,26,,,,Agosto/1999
Seleção de informações úteis,,63,26,,,,Agosto/1999
Circuito para a prática de Morse,,4,27,,,,Janeiro/2000
Sequencial programável via PC,,4,27,,,,Janeiro/2000
Roncador para linha telefônica perdida,,6,27,,,,Janeiro/2000
Gerador senoidal CMOS,,6,27,,,,Janeiro/2000
Teste de controle remoto,,7,27,,,,Janeiro/2000
Aumentando o tempo do monoestável,,7,27,,,,Janeiro/2000
Interruptor paralelo triplo,,8,27,,,,Janeiro/2000
Dimmer,,8,27,,,,Janeiro/2000
Minuteria de passagem,,10,27,,,,Janeiro/2000
Órgão eletrônico didático,,10,27,,,,Janeiro/2000
Pedal de efeitos valvulado,,11,27,,,,Janeiro/2000
Receptor de AM simples,,12,27,,,,Janeiro/2000
Transmissor seletivo de FM,,12,27,,,,Janeiro/2000
Sequencial diferente,,14,27,,,,Janeiro/2000
Oscilador por programa,,15,27,,,,Janeiro/2000
Voz de computador,,15,27,,,,Janeiro/2000
Sequencial por programa,,16,27,,,,Janeiro/2000
Fonte protegida de 9 V x 1 A,,17,27,,,,Janeiro/2000
Reforçador de sinais para TV e FM,,17,27,,,,Janeiro/2000
Teste de flat-cable,,18,27,,,,Janeiro/2000
Temporizador para motores trifásicos,,19,27,,,,Janeiro/2000
Super-sequencial automático,,20,27,,,,Janeiro/2000
Reversão automática,,20,27,,,,Janeiro/2000
Contador binário-decimal,,22,27,,,,Janeiro/2000
Fonte ajustável de 0-15 V de alto rendimento,,23,27,,,,Janeiro/2000
Limitador de ruídos,,23,27,,,,Janeiro/2000
LEDs indicadores de segurança,,24,27,,,,Janeiro/2000
Teste digital de transistores,,24,27,,,,Janeiro/2000
Interruptor eletrônico para telefone,,25,27,,,,Janeiro/2000
Controle de velocidade para motores de corrente contínua,,26,27,,,,Janeiro/2000
Chaveador digital para sistemas de áudio e vídeo,,26,27,,,,Janeiro/2000
Controlador de motor de passo,,28,27,,,,Janeiro/2000
Pisca-pisca do milênio,,28,27,,,,Janeiro/2000
Fonte CA/CC para auto-rádios,,30,27,,,,Janeiro/2000
Controle de servomotores de antenas parabólicas,,31,27,,,,Janeiro/2000
Casador de impedâncias,,31,27,,,,Janeiro/2000
Micro walk-talkie,,32,27,,,,Janeiro/2000
Proteção especial,,32,27,,,,Janeiro/2000
Inversor de alto rendimento para fluorescentes,,33,27,,,,Janeiro/2000
Alarme multiplex,,34,27,,,,Janeiro/2000
Transmissor de FM estéreo completo de 50 W,,34,27,,,,Janeiro/2000
Semáforo para campainha,,36,27,,,,Janeiro/2000
Indicador e conversor de hora UTC,,37,27,,,,Janeiro/2000
"""Insect killer"" (matador de insetos)",,38,27,,,,Janeiro/2000
Fotopolimerizador odontológico,,38,27,,,,Janeiro/2000
Multiplexador estéreo,,40,27,,,,Janeiro/2000
Capacímetro,,40,27,,,,Janeiro/2000
Fonte de alimentação CA/CC,,42,27,,,,Janeiro/2000
Distorcedor de voz (voz de robô),,43,27,,,,Janeiro/2000
Eletroestimulador ECOR/TENS,,44,27,,,,Janeiro/2000
Tranca codificada com alarme,,46,27,,,,Janeiro/2000
Chave programável por relógio,,47,27,,,,Janeiro/2000
Campainha musical sintetizada,,48,27,,,,Janeiro/2000
Nervo-LED,,48,27,,,,Janeiro/2000
Mini-timer,,49,27,,,,Janeiro/2000
Circuito inteligente,,50,27,,,,Janeiro/2000
Amplificador de 60 W para a faixa 80-150 MHz,,50,27,,,,Janeiro/2000
Fonte de 0-15V x 3A com ajuste fino,,51,27,,,,Janeiro/2000
Controle remoto de 10 canais via linha telefônica,,52,27,,,,Janeiro/2000
Seleção de informações úteis,,56,27,,,,Janeiro/2000
Práticas de service,,62,27,,,,Janeiro/2000
Massageador magnético,,75,27,,,,Janeiro/2000
Relé trifásico,,4,28,,,,Agosto/2000
Filtro para controle remoto de 10 canais,,4,28,,,,Agosto/2000
Oscilador com SCR,,6,28,,,,Agosto/2000
Desativador automático para bombas d'água,,6,28,,,,Agosto/2000
Iluminação de emergência automática,,7,28,,,,Agosto/2000
Dispositivo de segurança para moto,,8,28,,,,Agosto/2000
Simulador de ECG,,8,28,,,,Agosto/2000
"Super-fonte para toca-fitas, PX, módulos e outros",,9,28,,,,Agosto/2000
Regulador de temperatura,,10,28,,,,Agosto/2000
Grilo eletrônico-2000,,10,28,,,,Agosto/2000
Aviso de fusível queimado em C.A.,,11,28,,,,Agosto/2000
Alerta inteligente para cinto de segurança,,12,28,,,,Agosto/2000
VU de LEDs bicolores,,12,28,,,,Agosto/2000
Minuteria de toque,,13,28,,,,Agosto/2000
Alarme residencial simples,,14,28,,,,Agosto/2000
Fone de ouvido sem fio,,14,28,,,,Agosto/2000
Minuteria de passagem noturna,,15,28,,,,Agosto/2000
Temporizador programável,,16,28,,,,Agosto/2000
Metrônomo ou bateria eletrônica,,16,28,,,,Agosto/2000
Temporizador com retardo na energização,,17,28,,,,Agosto/2000
Dimmer para lâmpadas ou ventiladores,,17,28,,,,Agosto/2000
Transmissor de FM com poucos componentes,,18,28,,,,Agosto/2000
Timer de dupla temporização,,18,28,,,,Agosto/2000
Transmissor de FM PLL - frequência programável,,19,28,,,,Agosto/2000
Teste para cabo de par trançado,,21,28,,,,Agosto/2000
Alerta anti-sequestro,,21,28,,,,Agosto/2000
Receptor para controle remoto infravermelho,,23,28,,,,Agosto/2000
Interruptor acústico biestável,,23,28,,,,Agosto/2000
Busca-tensão com LED bicolor,,24,28,,,,Agosto/2000
Vai chover?,,24,28,,,,Agosto/2000
Lobão - transmissor de FM,,25,28,,,,Agosto/2000
Temporizador,,25,28,,,,Agosto/2000
Pequeno receptor de AM,,26,28,,,,Agosto/2000
Drive de motor CC,,26,28,,,,Agosto/2000
Detector de IR,,27,28,,,,Agosto/2000
Transmissor de FM valvulado de alta potência,,27,28,,,,Agosto/2000
Temporizador para curió com fotossensor,,28,28,,,,Agosto/2000
Fonte de alimentação variável (0-13 V x 2 A),,28,28,,,,Agosto/2000
Iluminação de emergência inteligente,,29,28,,,,Agosto/2000
Inversor CC-CA de 100 W,,32,28,,,,Agosto/2000
Pistola de soldar caseira,,32,28,,,,Agosto/2000
Frequencímetro e capacímetro digital,,32,28,,,,Agosto/2000
Timer auxiliar externo,,34,28,,,,Agosto/2000
Pequeno receptor de AM,,34,28,,,,Agosto/2000
Som de TV no três-em-um (idéia prática),,35,28,,,,Agosto/2000
Interfone transistorizado,,36,28,,,,Agosto/2000
Espera com música para telefone,,37,28,,,,Agosto/2000
Teste para controles remotos,,37,28,,,,Agosto/2000
Bloqueador 0900,,38,28,,,,Agosto/2000
Idéia prática,,38,28,,,,Agosto/2000
Módulo line tracer para robótica,,39,28,,,,Agosto/2000
Minicaixa amplificada,,39,28,,,,Agosto/2000
Medidor de distância de raios de tempestades,,40,28,,,,Agosto/2000
Interruptor de retardo para lâmpadas,,40,28,,,,Agosto/2000
Crossover ativo de 3 vias + sub-woofer,,41,28,,,,Agosto/2000
Circuito comutador para lâmpadas em série,,43,28,,,,Agosto/2000
Carregador para baterias infoLithium,,44,28,,,,Agosto/2000
Temporizador de 1 a 10 minutos para ventilador,,45,28,,,,Agosto/2000
Detector de obstáculos por infravermelho,,45,28,,,,Agosto/2000
Controle de motor de passo,,46,28,,,,Agosto/2000
Comparador neural,,46,28,,,,Agosto/2000
Práticas de service,,48,28,,,,Agosto/2000
Seleção de circuitos e informações úteis,,60,28,,,,Agosto/2000
